lexeme,pos,anim,aspect,gender,involvement,mood,number,person,tense,transitivity,voice
вы,NPRO,,,,,,plur,2per,,,
человек,NOUN,anim,,masc,,,sing,,,,
свой,ADJF,,,,,,plur,,,,
такой,ADJF,,,femn,,,sing,,,,
почти,ADVB,,,,,,,,,,
хотя,CONJ,,,,,,,,,,
нея,NOUN,inan,,femn,,,sing,,,,
россия,NOUN,inan,,femn,,,sing,,,,
тот,ADJF,,,masc,,,sing,,,,
вдруг,ADVB,,,,,,,,,,
свой,ADJF,,,neut,,,sing,,,,
человек,NOUN,anim,,masc,,,plur,,,,
также,CONJ,,,,,,,,,,
просто,PRCL,,,,,,,,,,
весь,ADJF,,,,,,plur,,,,
ты,NPRO,,,,,,sing,2per,,,
лишь,PRCL,,,,,,,,,,
сказать,INFN,,perf,,,,,,,tran,
другой,ADJF,,,femn,,,sing,,,,
ведь,CONJ,,,,,,,,,,
они,NPRO,,,,,,plur,3per,,,
глаз,NOUN,inan,,masc,,,sing,,,,
свой,ADJF,inan,,,,,plur,,,,
мочь,VERB,,impf,masc,,indc,sing,,past,intr,
говорить,VERB,,impf,,,indc,sing,3per,pres,tran,
совсем,ADVB,,,,,,,,,,
к,PREP,,,,,,,,,,
этот,ADJF,,,,,,plur,,,,
уж,ADVB,,,,,,,,,,
который,ADJF,,,,,,plur,,,,
стать,VERB,,perf,masc,,indc,sing,,past,intr,
который,ADJF,,,femn,,,sing,,,,
когда,CONJ,,,,,,,,,,
нет,PRED,,,,,,,,pres,,
время,NOUN,inan,,neut,,,sing,,,,
хорошо,ADVB,,,,,,,,,,
год,NOUN,inan,,masc,,,sing,,,,
три,NUMR,inan,,,,,,,,,
мой,ADJF,,,masc,,,sing,,,,
который,ADJF,,,femn,,,sing,,,,
конечно,CONJ,,,,,,,,,,
будто,CONJ,,,,,,,,,,
что,NPRO,,,neut,,,sing,,,,
опять,ADVB,,,,,,,,,,
что-то,NPRO,,,neut,,,sing,,,,
вместе,ADVB,,,,,,,,,,
именно,PRCL,,,,,,,,,,
пока,ADVB,,,,,,,,,,
спросить,VERB,,perf,masc,,indc,sing,,past,tran,
никогда,ADVB,,,,,,,,,,
рука,NOUN,inan,,femn,,,sing,,,,
слово,NOUN,inan,,neut,,,sing,,,,
немой,ADJS,,,masc,,,sing,,,,
один,ADJF,,,femn,,,sing,,,,
другой,ADJF,,,,,,plur,,,,
знать,VERB,,impf,,,indc,sing,1per,pres,tran,
нужно,PRED,,,,,,,,pres,,
говорить,VERB,,impf,masc,,indc,sing,,past,tran,
который,ADJF,,,neut,,,sing,,,,
тот,ADJF,,,,,,plur,,,,
свой,ADJF,,,,,,plur,,,,
сторона,NOUN,inan,,femn,,,sing,,,,
друг,NOUN,anim,,masc,,,sing,,,,
такой,ADJF,,,neut,,,sing,,,,
этот,ADJF,,,femn,,,sing,,,,
должный,ADJS,,,masc,,,sing,,,,
образ,NOUN,inan,,masc,,,sing,,,,
случай,NOUN,inan,,masc,,,sing,,,,
совершенно,ADVB,,,,,,,,,,
тот,ADJF,,,masc,,,sing,,,,
сразу,ADVB,,,,,,,,,,
сказать,VERB,,perf,femn,,indc,sing,,past,tran,
себя,NPRO,,,,,,sing,,,,
это,NPRO,,,neut,,,sing,,,,
дом,NOUN,inan,,masc,,,sing,,,,
хороший,COMP,,,,,,,,,,
за,PREP,,,,,,,,,,
один,ADJF,,,neut,,,sing,,,,
тот,ADJF,,,,,,plur,,,,
против,PREP,,,,,,,,,,
я,NPRO,,,,,,sing,1per,,,
оно,NPRO,,,neut,,,sing,3per,,,
место,NOUN,inan,,neut,,,sing,,,,
нельзя,PRED,,,,,,,,pres,,
весь,ADJF,,,femn,,,sing,,,,
лицо,NOUN,inan,,neut,,,sing,,,,
весь,ADJF,inan,,masc,,,sing,,,,
при,PREP,,,,,,,,,,
про,PREP,,,,,,,,,,
для,PREP,,,,,,,,,,
к,PREP,,,,,,,,,,
снова,ADVB,,,,,,,,,,
голова,NOUN,inan,,femn,,,sing,,,,
вообще,ADVB,,,,,,,,,,
мочь,VERB,,impf,,,indc,plur,3per,pres,intr,
два,NUMR,,,masc,,,,,,,
кажется,CONJ,,,,,,,,,,
быть,VERB,,impf,,,indc,plur,3per,futr,intr,
год,NOUN,inan,,masc,,,sing,,,,
должный,ADJS,,,,,,plur,,,,
рука,NOUN,inan,,femn,,,sing,,,,
вопрос,NOUN,inan,,masc,,,sing,,,,
наш,ADJF,,,femn,,,sing,,,,
работа,NOUN,inan,,femn,,,sing,,,,
один,ADJF,,,femn,,,sing,,,,
только,PRCL,,,,,,,,,,
который,ADJF,,,neut,,,sing,,,,
стать,VERB,,perf,neut,,indc,sing,,past,intr,
делать,INFN,,impf,,,,,,,tran,
два,NUMR,,,femn,,,,,,,
он,NPRO,,,masc,,,sing,3per,,,
наконец,ADVB,,,,,,,,,,
другой,ADJF,,,,,,plur,,,,
мочь,VERB,,impf,,,indc,sing,1per,pres,intr,
особенно,ADVB,,,,,,,,,,
чтоб,CONJ,,,,,,,,,,
однако,CONJ,,,,,,,,,,
один,ADJF,,,neut,,,sing,,,,
назад,ADVB,,,,,,,,,,
день,NOUN,inan,,masc,,,sing,,,,
сегодня,ADVB,,,,,,,,,,
самый,ADJF,,,neut,,,sing,,,,
никто,NPRO,,,,,,sing,,,,
куда,NOUN,inan,,femn,,,sing,,,,
говорить,INFN,,impf,,,,,,,tran,
такой,ADJF,,,,,,plur,,,,
точно,ADVB,,,,,,,,,,
он,NPRO,,,masc,,,sing,3per,,,
знать,VERB,,impf,masc,,indc,sing,,past,tran,
долго,ADVB,,,,,,,,,,
из,PREP,,,,,,,,,,
хоть,CONJ,,,,,,,,,,
почему,ADVB,,,,,,,,,,
теперь,ADVB,,,,,,,,,,
дело,NOUN,inan,,neut,,,sing,,,,
самый,ADJF,,,masc,,,sing,,,,
они,NPRO,,,,,,plur,3per,,,
около,PREP,,,,,,,,,,
после,PREP,,,,,,,,,,
каждый,ADJF,inan,,masc,,,sing,,,,
часто,ADVB,,,,,,,,,,
один,ADJF,,,masc,,,sing,,,,
быстро,ADVB,,,,,,,,,,
например,CONJ,,,,,,,,,,
который,ADJF,,,femn,,,sing,,,,
среди,PREP,,,,,,,,,,
давно,ADVB,,,,,,,,,,
мой,ADJF,,,femn,,,sing,,,,
сделать,INFN,,perf,,,,,,,tran,
прежде,ADVB,,,,,,,,,,
ж,CONJ,,,,,,,,,,
иметь,VERB,,impf,,,indc,sing,3per,pres,tran,
потом,ADVB,,,,,,,,,,
такой,ADJF,,,,,,plur,,,,
дело,NOUN,inan,,neut,,,sing,,,,
деньга,NOUN,inan,,femn,,,sing,,,,
являться,VERB,,impf,,,indc,sing,3per,pres,intr,
значит,CONJ,,,,,,,,,,
прямо,ADVB,,,,,,,,,,
весь,ADJF,,,femn,,,sing,,,,
хотеть,VERB,,impf,masc,,indc,sing,,past,tran,
какой,ADJF,,,femn,,,sing,,,,
такой,ADJF,,,,,,plur,,,,
сколько,CONJ,,,,,,,,,,
менее,ADVB,,,,,,,,,,
видеть,VERB,,impf,masc,,indc,sing,,past,tran,
это,NPRO,,,neut,,,sing,,,,
который,ADJF,,,masc,,,sing,,,,
стоить,VERB,,impf,,,indc,sing,,pres,intr,
пора,NOUN,inan,,femn,,,plur,,,,
кроме,PREP,,,,,,,,,,
мало,ADVB,,,,,,,,,,
мой,ADJF,,,femn,,,sing,,,,
свой,ADJF,,,masc,,,sing,,,,
наш,ADJF,,,,,,plur,,,,
весь,ADJF,,,neut,,,sing,,,,
часть,NOUN,inan,,femn,,,sing,,,,
иногда,ADVB,,,,,,,,,,
должный,ADJS,,,neut,,,sing,,,,
знать,VERB,,impf,,,indc,sing,3per,pres,tran,
наш,ADJF,,,,,,plur,,,,
часть,NOUN,inan,,femn,,,sing,,,,
довольно,ADVB,,,,,,,,,,
идти,VERB,,impf,,,indc,sing,3per,pres,intr,
слишком,ADVB,,,,,,,,,,
из-за,PREP,,,,,,,,,,
действительно,ADVB,,,,,,,,,,
всё-таки,CONJ,,,,,,,,,,
большой,ADJF,,,femn,,,sing,,,,
слово,NOUN,inan,,neut,,,sing,,,,
сам,ADJF,,,,,,plur,,,,
ряд,NOUN,inan,,masc,,,sing,,,,
наш,ADJF,,,masc,,,sing,,,,
сторона,NOUN,inan,,femn,,,sing,,,,
наш,ADJF,,,neut,,,sing,,,,
жить,INFN,,impf,,,,,,,intr,
весь,ADJF,,,femn,,,sing,,,,
ведь,CONJ,,,,,,,,,,
мир,NOUN,inan,,masc,,,sing,,,,
ответить,VERB,,perf,masc,,indc,sing,,past,intr,
однако,CONJ,,,,,,,,,,
такой,ADJF,,,neut,,,sing,,,,
сам,ADJF,,,femn,,,sing,,,,
дом,NOUN,inan,,masc,,,sing,,,,
глаз,NOUN,inan,,masc,,,plur,,,,
весьма,ADVB,,,,,,,,,,
место,NOUN,inan,,neut,,,sing,,,,
место,NOUN,inan,,neut,,,sing,,,,
мой,ADJF,,,,,,plur,,,,
я,NPRO,,,,,,sing,1per,,,
самый,ADJF,,,neut,,,sing,,,,
москва,NOUN,inan,,femn,,,sing,,,,
голос,NOUN,inan,,masc,,,sing,,,,
вполне,ADVB,,,,,,,,,,
чуть,ADVB,,,,,,,,,,
словно,CONJ,,,,,,,,,,
мочь,VERB,,impf,,,indc,plur,,past,intr,
который,ADJF,,,,,,plur,,,,
область,NOUN,inan,,femn,,,sing,,,,
самый,ADJF,,,femn,,,sing,,,,
отец,NOUN,anim,,masc,,,sing,,,,
начать,VERB,,perf,masc,,indc,sing,,past,tran,
конец,NOUN,inan,,masc,,,sing,,,,
власть,NOUN,inan,,femn,,,sing,,,,
тогда,ADVB,,,,,,,,,,
кто,NPRO,,,masc,,,sing,,,,
мир,NOUN,inan,,masc,,,sing,,,,
лицо,NOUN,anim,,neut,,,sing,,,,
казалось,CONJ,,,,,,,,,,
какой-то,ADJF,,,femn,,,sing,,,,
равно,CONJ,,,,,,,,,,
мой,ADJF,,,neut,,,sing,,,,
сердце,NOUN,inan,,neut,,,sing,,,,
ещё,PRCL,,,,,,,,,,
как-то,ADVB,,,,,,,,,,
год,NOUN,inan,,masc,,,plur,,,,
пять,NUMR,,,,,,,,,,
далёкий,COMP,,,,,,,,,,
там,ADVB,,,,,,,,,,
мочь,VERB,,impf,,,indc,sing,3per,pres,intr,
ребёнок,NOUN,anim,,masc,,,plur,,,,
стать,VERB,,perf,femn,,indc,sing,,past,intr,
затем,ADVB,,,,,,,,,,
мы,NPRO,,,,,,plur,1per,,,
кто,NPRO,,,masc,,,sing,,,,
от,PREP,,,,,,,,,,
быть,VERB,,impf,,,indc,sing,1per,futr,intr,
ночь,NOUN,inan,,femn,,,sing,,,,
дверь,NOUN,inan,,femn,,,sing,,,,
говорят,CONJ,,,,,,,,,,
друг,NOUN,anim,,masc,,,sing,,,,
должный,ADJS,,,femn,,,sing,,,,
город,NOUN,inan,,masc,,,sing,,,,
здесь,ADVB,,,,,,,,,,
свой,ADJF,,,,,,plur,,,,
один,ADJF,,,femn,,,sing,,,,
смерть,NOUN,inan,,femn,,,sing,,,,
такой,ADJF,,,femn,,,sing,,,,
вокруг,ADVB,,,,,,,,,,
нога,NOUN,inan,,femn,,,sing,,,,
мысль,NOUN,inan,,femn,,,sing,,,,
ибо,CONJ,,,,,,,,,,
вода,NOUN,inan,,femn,,,sing,,,,
то,CONJ,,,,,,,,,,
думать,VERB,,impf,masc,,indc,sing,,past,intr,
война,NOUN,inan,,femn,,,sing,,,,
мать,NOUN,anim,,femn,,,sing,,,,
история,NOUN,inan,,femn,,,sing,,,,
связь,NOUN,inan,,femn,,,sing,,,,
немного,ADVB,,,,,,,,,,
сила,NOUN,inan,,femn,,,sing,,,,
тут,ADVB,,,,,,,,,,
работа,NOUN,inan,,femn,,,sing,,,,
мой,ADJF,,,neut,,,sing,,,,
конечно,CONJ,,,,,,,,,,
мера,NOUN,inan,,femn,,,sing,,,,
следовать,VERB,,impf,,,indc,sing,3per,pres,intr,
день,NOUN,inan,,masc,,,plur,,,,
скоро,ADVB,,,,,,,,,,
в,PREP,,,,,,,,,,
говорить,VERB,,impf,,,indc,sing,1per,pres,tran,
тысяча,NOUN,inan,,femn,,,plur,,,,
туда,ADVB,,,,,,,,,,
путь,NOUN,inan,,masc,,,sing,,,,
поэтому,ADVB,,,,,,,,,,
стоялый,ADJS,,,masc,,,sing,,,,
самый,ADJF,,,masc,,,sing,,,,
иван,NOUN,anim,,masc,,,sing,,,,
домой,ADVB,,,,,,,,,,
город,NOUN,inan,,masc,,,sing,,,,
выше,ADVB,,,,,,,,,,
пойти,VERB,,perf,masc,,indc,sing,,past,intr,
видно,CONJ,,,,,,,,,,
голова,NOUN,inan,,femn,,,sing,,,,
ну,PRCL,,,,,,,,,,
многие,NPRO,,,,,,plur,,,,
вид,NOUN,inan,,masc,,,sing,,,,
часы,NOUN,inan,,,,,plur,,,,
правда,PRCL,,,,,,,,,,
два,ADJF,,,masc,,,sing,,,,
понять,VERB,,perf,masc,,indc,sing,,past,tran,
хотеть,VERB,,impf,,,indc,sing,1per,pres,tran,
ранний,COMP,,,,,,,,,,
вовсе,ADVB,,,,,,,,,,
один,ADJF,,,masc,,,sing,,,,
рубль,NOUN,inan,,masc,,,plur,,,,
страна,NOUN,inan,,femn,,,sing,,,,
почему,ADVB,,,,,,,,,,
далеко,ADVB,,,,,,,,,,
начало,NOUN,inan,,neut,,,sing,,,,
письмо,NOUN,inan,,neut,,,sing,,,,
мочь,VERB,,impf,femn,,indc,sing,,past,intr,
легко,ADVB,,,,,,,,,,
четыре,NUMR,,,,,,,,,,
мысль,NOUN,inan,,femn,,,sing,,,,
один,ADJF,,,,,,plur,,,,
думать,VERB,,impf,,,indc,sing,1per,pres,intr,
увидеть,VERB,,perf,masc,,indc,sing,,past,tran,
час,NOUN,inan,,masc,,,sing,,,,
сделать,VERB,,perf,masc,,indc,sing,,past,tran,
тихо,ADVB,,,,,,,,,,
возможность,NOUN,inan,,femn,,,sing,,,,
минута,NOUN,inan,,femn,,,sing,,,,
сюда,ADVB,,,,,,,,,,
поэтому,ADVB,,,,,,,,,,
имя,NOUN,inan,,neut,,,sing,,,,
внимание,NOUN,inan,,neut,,,sing,,,,
рука,NOUN,inan,,femn,,,plur,,,,
вперёд,ADVB,,,,,,,,,,
многий,ADJF,,,,,,plur,,,,
народ,NOUN,inan,,masc,,,sing,,,,
едва,ADVB,,,,,,,,,,
столь,ADVB,,,,,,,,,,
сей,ADJF,,,,,,plur,,,,
отец,NOUN,anim,,masc,,,sing,,,,
сила,NOUN,inan,,femn,,,plur,,,,
любовь,NOUN,inan,,femn,,,sing,,,,
деятельность,NOUN,inan,,femn,,,sing,,,,
свой,ADJF,,,masc,,,sing,,,,
какой,ADJF,,,,,,plur,,,,
знать,INFN,,impf,,,,,,,tran,
сейчас,ADVB,,,,,,,,,,
свет,NOUN,inan,,masc,,,sing,,,,
выйти,VERB,,perf,masc,,indc,sing,,past,intr,
дом,NOUN,inan,,masc,,,sing,,,,
рука,NOUN,inan,,femn,,,plur,,,,
новое,NOUN,inan,,neut,,,plur,,,,
право,NOUN,inan,,neut,,,sing,,,,
сильно,ADVB,,,,,,,,,,
иметь,INFN,,impf,,,,,,,tran,
взять,VERB,,perf,masc,,indc,sing,,past,tran,
надо,PRED,,,,,,,,pres,,
момент,NOUN,inan,,masc,,,sing,,,,
земля,NOUN,inan,,femn,,,sing,,,,
достаточно,ADVB,,,,,,,,,,
трудно,ADVB,,,,,,,,,,
столько,ADVB,,,,,,,,,,
рука,NOUN,inan,,femn,,,sing,,,,
деньга,NOUN,inan,,femn,,,plur,,,,
развитие,NOUN,inan,,neut,,,sing,,,,
женщина,NOUN,anim,,femn,,,sing,,,,
вместо,PREP,,,,,,,,,,
мир,NOUN,inan,,masc,,,sing,,,,
глаз,NOUN,inan,,masc,,,plur,,,,
другой,ADJF,,,neut,,,sing,,,,
путь,NOUN,inan,,masc,,,sing,,,,
маленький,COMP,,,,,,,,,,
число,NOUN,inan,,neut,,,sing,,,,
говорить,VERB,,impf,,,indc,plur,,past,tran,
самый,ADJF,,,,,,plur,,,,
система,NOUN,inan,,femn,,,sing,,,,
подумать,VERB,,perf,masc,,indc,sing,,past,intr,
течение,NOUN,inan,,neut,,,sing,,,,
иначе,ADVB,,,,,,,,,,
ясно,ADVB,,,,,,,,,,
конец,NOUN,inan,,masc,,,sing,,,,
идти,INFN,,impf,,,,,,,intr,
видеть,INFN,,impf,,,,,,,tran,
александр,NOUN,anim,,masc,,,sing,,,,
день,NOUN,inan,,masc,,,plur,,,,
либо,CONJ,,,,,,,,,,
другой,ADJF,,,neut,,,sing,,,,
хотеться,VERB,,impf,neut,,indc,sing,,past,intr,
прийти,VERB,,perf,masc,,indc,sing,,past,intr,
через,PREP,,,,,,,,,,
впрочем,CONJ,,,,,,,,,,
бывать,VERB,,impf,,,indc,sing,3per,pres,intr,
три,NUMR,,,,,,,,,,
армия,NOUN,inan,,femn,,,sing,,,,
её,ADJF,,,neut,,,sing,,,,
роль,NOUN,inan,,femn,,,sing,,,,
минута,NOUN,inan,,femn,,,plur,,,,
земля,NOUN,inan,,femn,,,sing,,,,
хотеть,VERB,,impf,,,indc,sing,3per,pres,tran,
сидеть,VERB,,impf,masc,,indc,sing,,past,intr,
понять,INFN,,perf,,,,,,,tran,
известно,PRED,,,,,,,,pres,,
весь,ADJF,,,,,,plur,,,,
право,NOUN,inan,,neut,,,sing,,,,
или,CONJ,,,,,,,,,,
разный,ADJF,,,,,,plur,,,,
иметь,VERB,,impf,masc,,indc,sing,,past,tran,
дать,INFN,,perf,,,,,,,tran,
новый,ADJF,,,,,,plur,,,,
зачем,ADVB,,,,,,,,,,
этот,ADJF,inan,,masc,,,sing,,,,
мой,ADJF,,,,,,plur,,,,
взгляд,NOUN,inan,,masc,,,sing,,,,
десять,NUMR,,,,,,,,,,
народ,NOUN,inan,,masc,,,sing,,,,
самый,ADJF,,,,,,plur,,,,
любовь,NOUN,inan,,femn,,,sing,,,,
вроде,PRCL,,,,,,,,,,
получить,VERB,,perf,masc,,indc,sing,,past,tran,
вы,NPRO,,,,,,plur,2per,,,
новый,ADJF,inan,,masc,,,sing,,,,
общество,NOUN,inan,,neut,,,sing,,,,
вид,NOUN,inan,,masc,,,sing,,,,
необходимый,ADJS,,,neut,,,sing,,,,
прийтись,VERB,,perf,neut,,indc,sing,,past,intr,
бог,NOUN,anim,,masc,,,sing,,,,
душа,NOUN,inan,,femn,,,sing,,,,
другой,ADJF,,,,,,plur,,,,
некоторый,ADJF,,,,,,plur,,,,
земля,NOUN,inan,,femn,,,sing,,,,
заметить,VERB,,perf,masc,,indc,sing,,past,tran,
друг,NOUN,anim,,masc,,,sing,,,,
даже,PRCL,,,,,,,,,,
писать,VERB,,impf,masc,,indc,sing,,past,tran,
быть,VERB,,impf,,,indc,plur,1per,futr,intr,
самый,ADJF,,,,,,plur,,,,
голос,NOUN,inan,,masc,,,sing,,,,
сила,NOUN,inan,,femn,,,sing,,,,
слово,NOUN,inan,,neut,,,plur,,,,
есть,INTJ,,,,,,,,,,
возможность,NOUN,inan,,femn,,,sing,,,,
один,ADJF,,,femn,,,sing,,,,
новое,NOUN,inan,,neut,,,sing,,,,
кроме,PREP,,,,,,,,,,
степень,NOUN,inan,,femn,,,sing,,,,
час,NOUN,inan,,masc,,,sing,,,,
отвечать,VERB,,impf,masc,,indc,sing,,past,intr,
знаете,CONJ,,,,,,,,,,
пусть,CONJ,,,,,,,,,,
положение,NOUN,inan,,neut,,,sing,,,,
глаз,NOUN,inan,,masc,,,plur,,,,
мой,ADJF,,,femn,,,sing,,,,
говорить,GRND,,impf,,,,,,pres,tran,
век,NOUN,inan,,masc,,,sing,,,,
жена,NOUN,anim,,femn,,,sing,,,,
скорее,CONJ,,,,,,,,,,
речь,NOUN,inan,,femn,,,sing,,,,
работать,INFN,,impf,,,,,,,intr,
кто-то,NPRO,,,masc,,,sing,,,,
первое,NOUN,inan,,neut,,,sing,,,,
невозможно,ADVB,,,,,,,,,,
где,ADVB,,,,,,,,,,
книга,NOUN,inan,,femn,,,sing,,,,
удаться,VERB,,perf,neut,,indc,sing,,past,intr,
дверь,NOUN,inan,,femn,,,sing,,,,
никак,PRCL,,,,,,,,,,
москва,NOUN,inan,,femn,,,sing,,,,
наш,ADJF,,,femn,,,sing,,,,
дать,VERB,,perf,masc,,indc,sing,,past,tran,
стол,NOUN,inan,,masc,,,sing,,,,
главный,ADJF,,,neut,,,sing,,,,
партия,NOUN,inan,,femn,,,sing,,,,
работа,NOUN,inan,,femn,,,sing,,,,
ответ,NOUN,inan,,masc,,,sing,,,,
последний,ADJF,inan,,,,,plur,,,,
ребёнок,NOUN,anim,,masc,,,plur,,,,
решить,VERB,,perf,masc,,indc,sing,,past,tran,
андрей,NOUN,anim,,masc,,,sing,,,,
он,NPRO,,,masc,,,sing,3per,,,
николай,NOUN,anim,,masc,,,sing,,,,
ещё,ADVB,,,,,,,,,,
лицо,NOUN,inan,,neut,,,sing,,,,
смысл,NOUN,inan,,masc,,,sing,,,,
наиболее,ADVB,,,,,,,,,,
смотреть,VERB,,impf,masc,,indc,sing,,past,tran,
двадцать,NUMR,,,,,,,,,,
пётр,NOUN,anim,,masc,,,sing,,,,
молодая,NOUN,anim,,femn,,,sing,,,,
я,NPRO,,,,,,sing,1per,,,
себя,NPRO,,,,,,sing,,,,
возможно,CONJ,,,,,,,,,,
матерь,NOUN,anim,,femn,,,sing,,,,
идти,VERB,,impf,masc,,indc,sing,,past,intr,
сначала,ADVB,,,,,,,,,,
думать,INFN,,impf,,,,,,,intr,
правда,PRCL,,,,,,,,,,
продолжать,VERB,,impf,masc,,indc,sing,,past,tran,
очень,ADVB,,,,,,,,,,
вы,NPRO,,,,,,plur,2per,,,
отношение,NOUN,inan,,neut,,,sing,,,,
завтра,ADVB,,,,,,,,,,
москва,NOUN,inan,,femn,,,sing,,,,
мимо,ADVB,,,,,,,,,,
женщина,NOUN,anim,,femn,,,plur,,,,
ничто,NPRO,,,neut,,,sing,,,,
качество,NOUN,inan,,neut,,,sing,,,,
сын,NOUN,anim,,masc,,,sing,,,,
каждый,ADJF,,,neut,,,sing,,,,
город,NOUN,inan,,masc,,,sing,,,,
наконец,ADVB,,,,,,,,,,
гораздо,ADVB,,,,,,,,,,
спросить,VERB,,perf,femn,,indc,sing,,past,tran,
знаешь,CONJ,,,,,,,,,,
который,ADJF,,,masc,,,sing,,,,
что-нибудь,NPRO,,,neut,,,sing,,,,
комната,NOUN,inan,,femn,,,sing,,,,
условие,NOUN,inan,,neut,,,plur,,,,
новый,ADJF,,,femn,,,sing,,,,
значение,NOUN,inan,,neut,,,sing,,,,
разве,PRCL,,,,,,,,,,
род,NOUN,inan,,masc,,,sing,,,,
несмотря,PREP,,,,,,,,,,
медленно,ADVB,,,,,,,,,,
разговор,NOUN,inan,,masc,,,sing,,,,
вид,NOUN,inan,,masc,,,sing,,,,
найти,INFN,,perf,,,,,,,tran,
последний,ADJF,,,masc,,,sing,,,,
страна,NOUN,inan,,femn,,,sing,,,,
наш,ADJF,,,neut,,,sing,,,,
сквозь,PREP,,,,,,,,,,
плохо,PRED,,,,,,,,pres,,
вновь,ADVB,,,,,,,,,,
комната,NOUN,inan,,femn,,,sing,,,,
свет,NOUN,inan,,masc,,,sing,,,,
один,ADJF,,,masc,,,sing,,,,
улица,NOUN,inan,,femn,,,sing,,,,
отношение,NOUN,inan,,neut,,,sing,,,,
никакой,ADJF,,,,,,plur,,,,
раз,NOUN,inan,,masc,,,sing,,,,
этот,ADJF,,,,,,plur,,,,
никакой,ADJF,,,neut,,,sing,,,,
ночь,NOUN,inan,,femn,,,sing,,,,
очередь,NOUN,inan,,femn,,,sing,,,,
вещий,ADJS,,,,,,plur,,,,
весь,ADJF,,,neut,,,sing,,,,
спокойно,ADVB,,,,,,,,,,
взять,INFN,,perf,,,,,,,tran,
вопрос,NOUN,inan,,masc,,,plur,,,,
работа,NOUN,inan,,femn,,,sing,,,,
дорога,NOUN,inan,,femn,,,sing,,,,
какой,ADJF,,,femn,,,sing,,,,
хотя,CONJ,,,,,,,,,,
утро,NOUN,inan,,neut,,,sing,,,,
зрение,NOUN,inan,,neut,,,sing,,,,
чувство,NOUN,inan,,neut,,,sing,,,,
брат,NOUN,anim,,masc,,,sing,,,,
федерация,NOUN,inan,,femn,,,sing,,,,
сегодня,ADVB,,,,,,,,,,
помнить,VERB,,impf,,,indc,sing,1per,pres,tran,
действие,NOUN,inan,,neut,,,sing,,,,
становиться,VERB,,impf,,,indc,sing,3per,pres,intr,
такой,ADJF,,,masc,,,sing,,,,
ты,NPRO,,,,,,sing,2per,,,
имя,NOUN,inan,,neut,,,sing,,,,
постоянно,ADVB,,,,,,,,,,
такой,ADJF,,,femn,,,sing,,,,
власть,NOUN,inan,,femn,,,sing,,,,
давать,VERB,,impf,,,indc,sing,3per,pres,tran,
происходить,VERB,,impf,,,indc,sing,3per,pres,intr,
ночью,ADVB,,,,,,,,,,
государство,NOUN,inan,,neut,,,sing,,,,
организация,NOUN,inan,,femn,,,sing,,,,
начало,NOUN,inan,,neut,,,sing,,,,
случай,NOUN,inan,,masc,,,sing,,,,
говорить,VERB,,impf,femn,,indc,sing,,past,tran,
разный,ADJF,inan,,,,,plur,,,,
вода,NOUN,inan,,femn,,,sing,,,,
князь,NOUN,anim,,masc,,,sing,,,,
видеть,VERB,,impf,,,indc,sing,1per,pres,tran,
можно,PRED,,,,,,,,pres,,
средство,NOUN,inan,,neut,,,plur,,,,
состояние,NOUN,inan,,neut,,,sing,,,,
иметь,VERB,,impf,,,indc,plur,3per,pres,tran,
ради,PREP,,,,,,,,,,
мор,NOUN,inan,,masc,,,sing,,,,
вечер,NOUN,inan,,masc,,,sing,,,,
ваш,ADJF,,,neut,,,sing,,,,
впервые,ADVB,,,,,,,,,,
счёт,NOUN,inan,,masc,,,sing,,,,
дело,NOUN,inan,,neut,,,plur,,,,
тотчас,ADVB,,,,,,,,,,
откуда,ADVB,,,,,,,,,,
точка,NOUN,inan,,femn,,,sing,,,,
голов,NOUN,anim,,,,,plur,,,,
любить,VERB,,impf,masc,,indc,sing,,past,tran,
писать,INFN,,impf,,,,,,,tran,
обычно,ADVB,,,,,,,,,,
стать,INFN,,perf,,,,,,,intr,
кома,NOUN,inan,,femn,,,sing,,,,
такой,ADJF,,,,,,plur,,,,
чтобы,CONJ,,,,,,,,,,
характер,NOUN,inan,,masc,,,sing,,,,
вниз,ADVB,,,,,,,,,,
труд,NOUN,inan,,masc,,,sing,,,,
общий,ADJF,,,neut,,,sing,,,,
голов,NOUN,anim,,masc,,,sing,,,,
вероятно,CONJ,,,,,,,,,,
человек,NOUN,anim,,masc,,,plur,,,,
ни,PRCL,,,,,,,,,,
оба,NUMR,,,masc,,,,,,,
идти,VERB,,impf,,,indc,plur,,past,intr,
между,PREP,,,,,,,,,,
какой-то,ADJF,inan,,,,,plur,,,,
лицо,NOUN,anim,,neut,,,plur,,,,
поскольку,CONJ,,,,,,,,,,
письмо,NOUN,inan,,neut,,,sing,,,,
группа,NOUN,inan,,femn,,,sing,,,,
некоторый,ADJF,,,,,,plur,,,,
компания,NOUN,inan,,femn,,,sing,,,,
мочь,VERB,,impf,neut,,indc,sing,,past,intr,
окно,NOUN,inan,,neut,,,sing,,,,
душа,NOUN,inan,,femn,,,sing,,,,
наверное,ADVB,,,,,,,,,,
зачем,ADVB,,,,,,,,,,
решение,NOUN,inan,,neut,,,sing,,,,
жить,VERB,,impf,masc,,indc,sing,,past,intr,
уже,ADVB,,,,,,,,,,
оказаться,VERB,,perf,masc,,indc,sing,,past,intr,
месяц,NOUN,inan,,masc,,,sing,,,,
смотреть,INFN,,impf,,,,,,,tran,
сын,NOUN,anim,,masc,,,sing,,,,
никто,NPRO,,,,,,sing,,,,
движение,NOUN,inan,,neut,,,sing,,,,
оставаться,VERB,,impf,,,indc,sing,3per,pres,intr,
понимать,VERB,,impf,,,indc,sing,1per,pres,tran,
случиться,VERB,,perf,neut,,indc,sing,,past,intr,
смерть,NOUN,inan,,femn,,,sing,,,,
посмотреть,VERB,,perf,masc,,indc,sing,,past,tran,
человек,NOUN,anim,,masc,,,plur,,,,
внимание,NOUN,inan,,neut,,,sing,,,,
мама,NOUN,anim,,femn,,,sing,,,,
тело,NOUN,inan,,neut,,,sing,,,,
хотеться,VERB,,impf,,,indc,sing,,pres,intr,
другой,ADJF,,,femn,,,sing,,,,
солнце,NOUN,inan,,neut,,,sing,,,,
вечером,ADVB,,,,,,,,,,
любить,VERB,,impf,,,indc,sing,1per,pres,tran,
оказаться,VERB,,perf,neut,,indc,sing,,past,intr,
потому,ADVB,,,,,,,,,,
стоять,VERB,,impf,,,indc,plur,,past,intr,
значит,CONJ,,,,,,,,,,
дорога,NOUN,inan,,femn,,,sing,,,,
получить,INFN,,perf,,,,,,,tran,
два,NUMR,,,masc,,,,,,,
старик,NOUN,anim,,masc,,,sing,,,,
глядеть,GRND,,impf,,,,,,pres,tran,
какой,ADJF,,,,,,plur,,,,
утром,ADVB,,,,,,,,,,
лицо,NOUN,anim,,neut,,,sing,,,,
страшно,ADVB,,,,,,,,,,
управление,NOUN,inan,,neut,,,sing,,,,
всякий,ADJF,,,masc,,,sing,,,,
язык,NOUN,inan,,masc,,,sing,,,,
период,NOUN,inan,,masc,,,sing,,,,
жить,VERB,,impf,,,indc,sing,3per,pres,intr,
право,NOUN,inan,,neut,,,plur,,,,
берег,NOUN,inan,,masc,,,sing,,,,
помощь,NOUN,inan,,femn,,,sing,,,,
недавно,ADVB,,,,,,,,,,
делать,VERB,,impf,,,indc,sing,3per,pres,tran,
результат,NOUN,inan,,masc,,,sing,,,,
бог,NOUN,anim,,masc,,,sing,,,,
какой,ADJF,,,neut,,,sing,,,,
душить,VERB,,impf,,,indc,sing,1per,pres,tran,
хорошо,ADVB,,,,,,,,,,
я,NPRO,,,,,,sing,1per,,,
один,ADJF,,,,,,plur,,,,
который,ADJF,,,,,,plur,,,,
впрочем,CONJ,,,,,,,,,,
вчера,ADVB,,,,,,,,,,
крайний,ADJF,,,femn,,,sing,,,,
находиться,VERB,,impf,,,indc,sing,3per,pres,intr,
всякий,ADJF,,,masc,,,sing,,,,
причём,CONJ,,,,,,,,,,
церковь,NOUN,inan,,femn,,,sing,,,,
слово,NOUN,inan,,neut,,,sing,,,,
пол,NOUN,anim,,masc,,,sing,,,,
где-то,ADVB,,,,,,,,,,
слово,NOUN,inan,,neut,,,plur,,,,
возле,ADVB,,,,,,,,,,
почему-то,ADVB,,,,,,,,,,
худой,COMP,,,,,,,,,,
помощь,NOUN,inan,,femn,,,sing,,,,
машина,NOUN,inan,,femn,,,sing,,,,
узнать,VERB,,perf,masc,,indc,sing,,past,tran,
производство,NOUN,inan,,neut,,,sing,,,,
случай,NOUN,inan,,masc,,,plur,,,,
тем,CONJ,,,,,,,,,,
солдат,NOUN,anim,,masc,,,sing,,,,
знать,VERB,,impf,,,indc,plur,,past,tran,
однажды,ADVB,,,,,,,,,,
самый,ADJF,,,masc,,,sing,,,,
большой,ADJF,,,,,,plur,,,,
что,NPRO,,,neut,,,sing,,,,
решение,NOUN,inan,,neut,,,sing,,,,
конец,NOUN,inan,,masc,,,sing,,,,
последний,ADJF,,,neut,,,sing,,,,
остаться,VERB,,perf,masc,,indc,sing,,past,intr,
затем,ADVB,,,,,,,,,,
количество,NOUN,inan,,neut,,,sing,,,,
повод,NOUN,inan,,masc,,,sing,,,,
порядок,NOUN,inan,,masc,,,sing,,,,
тело,NOUN,inan,,neut,,,sing,,,,
они,NPRO,,,,,,plur,3per,,,
принять,INFN,,perf,,,,,,,tran,
молча,ADVB,,,,,,,,,,
дорога,NOUN,inan,,femn,,,sing,,,,
послать,VERB,,perf,,excl,impr,sing,,,tran,
пока,ADVB,,,,,,,,,,
прийтись,VERB,,perf,,,indc,sing,3per,futr,intr,
приехать,VERB,,perf,masc,,indc,sing,,past,intr,
рука,NOUN,inan,,femn,,,plur,,,,
она,NPRO,,,femn,,,sing,3per,,,
ряд,NOUN,inan,,masc,,,sing,,,,
один,ADJF,inan,,,,,plur,,,,
сесть,VERB,,perf,masc,,indc,sing,,past,intr,
стать,VERB,,perf,,,indc,sing,3per,futr,intr,
число,NOUN,inan,,neut,,,sing,,,,
разве,PRCL,,,,,,,,,,
сей,ADJF,,,masc,,,sing,,,,
найти,VERB,,perf,masc,,indc,sing,,past,tran,
наш,ADJF,,,masc,,,sing,,,,
стоялый,ADJS,,,femn,,,sing,,,,
культура,NOUN,inan,,femn,,,sing,,,,
неожиданно,ADVB,,,,,,,,,,
успеть,VERB,,perf,masc,,indc,sing,,past,intr,
нечего,NPRO,,,,,,sing,,,,
другой,ADJF,,,,,,plur,,,,
больший,ADJF,,,masc,,,sing,,,,
приходиться,VERB,,impf,,,indc,sing,3per,pres,intr,
революция,NOUN,inan,,femn,,,sing,,,,
уйти,VERB,,perf,masc,,indc,sing,,past,intr,
касаться,VERB,,impf,,,indc,sing,3per,pres,intr,
один,ADJF,,,femn,,,sing,,,,
различный,ADJF,,,,,,plur,,,,
дело,NOUN,inan,,neut,,,sing,,,,
подойти,VERB,,perf,masc,,indc,sing,,past,intr,
дело,NOUN,inan,,neut,,,sing,,,,
под,PREP,,,,,,,,,,
одновременно,ADVB,,,,,,,,,,
воздух,NOUN,inan,,masc,,,sing,,,,
остаться,VERB,,perf,neut,,indc,sing,,past,intr,
видеть,VERB,,impf,,,indc,plur,,past,tran,
из-под,PREP,,,,,,,,,,
свет,NOUN,inan,,masc,,,sing,,,,
месяц,NOUN,inan,,masc,,,sing,,,,
хотеть,VERB,,impf,,,indc,sing,2per,pres,tran,
написать,VERB,,perf,masc,,indc,sing,,past,tran,
комната,NOUN,inan,,femn,,,sing,,,,
слышать,VERB,,impf,masc,,indc,sing,,past,tran,
небо,NOUN,inan,,neut,,,sing,,,,
нечто,NPRO,,,neut,,,sing,,,,
чаща,NOUN,inan,,femn,,,sing,,,,
движение,NOUN,inan,,neut,,,sing,,,,
любить,VERB,,impf,,,indc,sing,3per,pres,tran,
один,ADJF,,,masc,,,sing,,,,
шесть,NUMR,,,,,,,,,,
немедленно,ADVB,,,,,,,,,,
средство,NOUN,inan,,neut,,,sing,,,,
большой,ADJF,,,femn,,,sing,,,,
память,NOUN,inan,,femn,,,sing,,,,
существовать,VERB,,impf,,,indc,sing,3per,pres,intr,
пусть,CONJ,,,,,,,,,,
состояние,NOUN,inan,,neut,,,sing,,,,
видимо,ADVB,,,,,,,,,,
наш,ADJF,,,femn,,,sing,,,,
путём,PREP,,,,,,,,,,
история,NOUN,inan,,femn,,,sing,,,,
ум,NOUN,inan,,masc,,,sing,,,,
пожалуй,PRCL,,,,,,,,,,
новое,NOUN,inan,,neut,,,sing,,,,
форма,NOUN,inan,,femn,,,sing,,,,
читать,VERB,,impf,masc,,indc,sing,,past,tran,
население,NOUN,inan,,neut,,,sing,,,,
смысл,NOUN,inan,,masc,,,sing,,,,
быть,VERB,,impf,neut,,indc,sing,,past,intr,
вверх,ADVB,,,,,,,,,,
товарищ,NOUN,anim,,masc,,,sing,,,,
один,ADJF,,,,,,plur,,,,
неделя,NOUN,inan,,femn,,,sing,,,,
муж,NOUN,anim,,masc,,,sing,,,,
голова,NOUN,inan,,femn,,,sing,,,,
сердце,NOUN,inan,,neut,,,sing,,,,
муж,NOUN,anim,,masc,,,sing,,,,
мочь,VERB,,impf,,,indc,plur,1per,pres,intr,
начать,VERB,,perf,,,indc,plur,,past,tran,
бог,NOUN,anim,,masc,,,sing,,,,
правительство,NOUN,inan,,neut,,,sing,,,,
стих,NOUN,inan,,masc,,,plur,,,,
друг,NOUN,anim,,masc,,,sing,,,,
являться,VERB,,impf,,,indc,plur,3per,pres,intr,
цель,NOUN,inan,,femn,,,sing,,,,
вод,NOUN,inan,,masc,,,sing,,,,
что,NPRO,,,neut,,,sing,,,,
каждый,ADJF,,,femn,,,sing,,,,
проблема,NOUN,inan,,femn,,,sing,,,,
читать,INFN,,impf,,,,,,,tran,
стена,NOUN,inan,,femn,,,sing,,,,
обратно,ADVB,,,,,,,,,,
чувство,NOUN,inan,,neut,,,sing,,,,
основа,NOUN,inan,,femn,,,sing,,,,
кровь,NOUN,inan,,femn,,,sing,,,,
чувствовать,VERB,,impf,masc,,indc,sing,,past,tran,
женщина,NOUN,anim,,femn,,,plur,,,,
идти,VERB,,impf,femn,,indc,sing,,past,intr,
ехать,INFN,,impf,,,,,,,intr,
сторона,NOUN,inan,,femn,,,sing,,,,
тысяча,NOUN,inan,,femn,,,sing,,,,
мой,ADJF,,,,,,plur,,,,
вечер,NOUN,inan,,masc,,,sing,,,,
никакой,ADJF,,,femn,,,sing,,,,
минута,NOUN,inan,,femn,,,sing,,,,
спать,INFN,,impf,,,,,,,intr,
суд,NOUN,inan,,masc,,,sing,,,,
природа,NOUN,inan,,femn,,,sing,,,,
резко,ADVB,,,,,,,,,,
вернуться,VERB,,perf,masc,,indc,sing,,past,intr,
дочь,NOUN,anim,,femn,,,sing,,,,
целый,ADJF,inan,,masc,,,sing,,,,
далее,ADVB,,,,,,,,,,
нея,NOUN,inan,,femn,,,sing,,,,
мнение,NOUN,inan,,neut,,,sing,,,,
полностью,ADVB,,,,,,,,,,
никто,NPRO,,,,,,sing,,,,
форма,NOUN,inan,,femn,,,sing,,,,
внутри,PREP,,,,,,,,,,
конец,NOUN,inan,,masc,,,plur,,,,
представить,INFN,,perf,,,,,,,tran,
большой,ADJF,,,femn,,,sing,,,,
очевидно,CONJ,,,,,,,,,,
душить,GRND,,impf,,,,,,pres,tran,
стол,NOUN,inan,,masc,,,sing,,,,
сказать,VERB,,perf,,,indc,sing,1per,futr,tran,
писать,VERB,,impf,,,indc,sing,3per,pres,tran,
ниже,PREP,,,,,,,,,,
ребёнок,NOUN,anim,,masc,,,sing,,,,
участие,NOUN,inan,,neut,,,sing,,,,
что-то,NPRO,,,neut,,,sing,,,,
наука,NOUN,inan,,femn,,,sing,,,,
главное,NOUN,inan,,neut,,,sing,,,,
вы,NPRO,,,,,,plur,2per,,,
процесс,NOUN,inan,,masc,,,sing,,,,
всякий,ADJF,,,masc,,,sing,,,,
настоящее,NOUN,inan,,neut,,,sing,,,,
разумеется,CONJ,,,,,,,,,,
несколько,NUMR,,,,,,,,,,
рота,NOUN,inan,,femn,,,plur,,,,
речь,NOUN,inan,,femn,,,sing,,,,
кровь,NOUN,inan,,femn,,,sing,,,,
грудь,NOUN,inan,,femn,,,sing,,,,
слегка,ADVB,,,,,,,,,,
весело,ADVB,,,,,,,,,,
суд,NOUN,inan,,masc,,,sing,,,,
отношение,NOUN,inan,,neut,,,sing,,,,
произойти,VERB,,perf,neut,,indc,sing,,past,intr,
старый,ADJF,,,masc,,,sing,,,,
волос,NOUN,inan,,masc,,,plur,,,,
сила,NOUN,inan,,femn,,,sing,,,,
оттуда,ADVB,,,,,,,,,,
рабочий,NOUN,anim,,masc,,,plur,,,,
дать,VERB,,perf,,,indc,plur,,past,tran,
выйти,VERB,,perf,femn,,indc,sing,,past,intr,
лежать,VERB,,impf,,,indc,sing,3per,pres,intr,
верно,CONJ,,,,,,,,,,
благодаря,PREP,,,,,,,,,,
служба,NOUN,inan,,femn,,,sing,,,,
первое,NOUN,inan,,neut,,,sing,,,,
генерал,NOUN,anim,,masc,,,sing,,,,
узнать,INFN,,perf,,,,,,,tran,
настолько,ADVB,,,,,,,,,,
время,NOUN,inan,,neut,,,plur,,,,
один,ADJF,,,masc,,,sing,,,,
сколько,CONJ,,,,,,,,,,
когда-то,ADVB,,,,,,,,,,
закон,NOUN,inan,,masc,,,sing,,,,
часы,NOUN,inan,,,,,plur,,,,
помощь,NOUN,inan,,femn,,,sing,,,,
место,NOUN,inan,,neut,,,plur,,,,
практически,ADVB,,,,,,,,,,
угодный,ADJS,,,neut,,,sing,,,,
порядок,NOUN,inan,,masc,,,sing,,,,
сторона,NOUN,inan,,femn,,,plur,,,,
готовый,ADJS,,,masc,,,sing,,,,
итак,CONJ,,,,,,,,,,
тяжело,ADVB,,,,,,,,,,
самый,ADJF,,,femn,,,sing,,,,
другой,ADJF,,,femn,,,sing,,,,
крикнуть,VERB,,perf,masc,,indc,sing,,past,intr,
вскоре,ADVB,,,,,,,,,,
впечатление,NOUN,inan,,neut,,,sing,,,,
опыт,NOUN,inan,,masc,,,sing,,,,
вести,INFN,,impf,,,,,,,tran,
знать,VERB,,impf,femn,,indc,sing,,past,tran,
сам,ADJF,,,masc,,,sing,,,,
кто,NPRO,,,masc,,,sing,,,,
искать,INFN,,impf,,,,,,,tran,
непременно,ADVB,,,,,,,,,,
например,CONJ,,,,,,,,,,
впереди,ADVB,,,,,,,,,,
вода,NOUN,inan,,femn,,,sing,,,,
встать,VERB,,perf,masc,,indc,sing,,past,intr,
начинать,VERB,,impf,,,indc,sing,3per,pres,tran,
принять,VERB,,perf,masc,,indc,sing,,past,tran,
работа,NOUN,inan,,femn,,,plur,,,,
тип,NOUN,inan,,masc,,,sing,,,,
умереть,VERB,,perf,masc,,indc,sing,,past,intr,
книга,NOUN,inan,,femn,,,sing,,,,
первое,NOUN,inan,,neut,,,sing,,,,
большой,ADJF,,,neut,,,sing,,,,
князь,NOUN,anim,,masc,,,sing,,,,
три,ADJF,,,masc,,,sing,,,,
частность,NOUN,inan,,femn,,,sing,,,,
хотеть,VERB,,impf,,,indc,plur,2per,pres,tran,
пришлый,ADJS,,,femn,,,sing,,,,
нога,NOUN,inan,,femn,,,plur,,,,
чаять,VERB,,impf,,excl,impr,sing,,,tran,
слово,NOUN,inan,,neut,,,plur,,,,
приходиться,VERB,,impf,neut,,indc,sing,,past,intr,
господин,NOUN,anim,,masc,,,sing,,,,
постепенно,ADVB,,,,,,,,,,
куда,NOUN,inan,,femn,,,sing,,,,
важный,ADJS,,,neut,,,sing,,,,
образ,NOUN,inan,,masc,,,sing,,,,
громко,ADVB,,,,,,,,,,
наш,ADJF,,,,,,plur,,,,
остановиться,VERB,,perf,masc,,indc,sing,,past,intr,
прислать,VERB,,perf,,excl,impr,sing,,,tran,
множество,NOUN,inan,,neut,,,sing,,,,
окно,NOUN,inan,,neut,,,sing,,,,
начать,VERB,,perf,neut,,indc,sing,,past,tran,
школа,NOUN,inan,,femn,,,sing,,,,
состоять,VERB,,impf,,,indc,sing,3per,pres,intr,
ваш,ADJF,,,masc,,,sing,,,,
предложить,VERB,,perf,masc,,indc,sing,,past,tran,
срок,NOUN,inan,,masc,,,sing,,,,
войти,VERB,,perf,masc,,indc,sing,,past,intr,
напротив,CONJ,,,,,,,,,,
условие,NOUN,inan,,neut,,,sing,,,,
стол,NOUN,inan,,masc,,,sing,,,,
ветер,NOUN,inan,,masc,,,sing,,,,
лично,ADVB,,,,,,,,,,
информация,NOUN,inan,,femn,,,sing,,,,
голос,NOUN,inan,,masc,,,sing,,,,
двор,NOUN,inan,,masc,,,sing,,,,
тот,ADJF,,,masc,,,sing,,,,
люба,NOUN,anim,,femn,,,sing,,,,
пошлый,ADJS,,,femn,,,sing,,,,
сказать,VERB,,perf,,,indc,plur,,past,tran,
считать,INFN,,perf,,,,,,,tran,
двор,NOUN,inan,,masc,,,sing,,,,
ныне,ADVB,,,,,,,,,,
обязательно,ADVB,,,,,,,,,,
цель,NOUN,inan,,femn,,,sing,,,,
каждый,ADJF,,,masc,,,sing,,,,
сидеть,VERB,,impf,,,indc,sing,3per,pres,intr,
явно,ADVB,,,,,,,,,,
борьба,NOUN,inan,,femn,,,sing,,,,
положение,NOUN,inan,,neut,,,sing,,,,
роль,NOUN,inan,,femn,,,sing,,,,
вспомнить,VERB,,perf,masc,,indc,sing,,past,tran,
странно,ADVB,,,,,,,,,,
отец,NOUN,anim,,masc,,,sing,,,,
труд,NOUN,inan,,masc,,,sing,,,,
история,NOUN,inan,,femn,,,sing,,,,
честь,NOUN,inan,,femn,,,sing,,,,
неделя,NOUN,inan,,femn,,,sing,,,,
показаться,VERB,,perf,neut,,indc,sing,,past,intr,
особенность,NOUN,inan,,femn,,,sing,,,,
мальчик,NOUN,anim,,masc,,,sing,,,,
число,NOUN,inan,,neut,,,sing,,,,
искусство,NOUN,inan,,neut,,,sing,,,,
играть,INFN,,impf,,,,,,,tran,
близкий,COMP,,,,,,,,,,
чрезвычайно,ADVB,,,,,,,,,,
страна,NOUN,inan,,femn,,,plur,,,,
решительно,ADVB,,,,,,,,,,
правительство,NOUN,inan,,neut,,,sing,,,,
оно,NPRO,,,neut,,,sing,3per,,,
мыть,VERB,,impf,,,indc,plur,1per,pres,tran,
маленький,ADJF,,,masc,,,sing,,,,
сидеть,VERB,,impf,,,indc,plur,,past,intr,
видеть,VERB,,impf,,,indc,sing,3per,pres,tran,
месяц,NOUN,inan,,masc,,,plur,,,,
губа,NOUN,inan,,femn,,,sing,,,,
деятельность,NOUN,inan,,femn,,,sing,,,,
знать,VERB,,impf,,,indc,plur,3per,pres,tran,
вдоль,ADVB,,,,,,,,,,
идти,VERB,,impf,,,indc,plur,3per,pres,intr,
глубоко,ADVB,,,,,,,,,,
поздно,ADVB,,,,,,,,,,
статья,NOUN,inan,,femn,,,sing,,,,
память,NOUN,inan,,femn,,,sing,,,,
следующий,ADJF,,,masc,,,sing,,,,
слеза,NOUN,inan,,femn,,,sing,,,,
жить,VERB,,impf,,,indc,plur,,past,intr,
этот,ADJF,,,,,,plur,,,,
иметь,VERB,,impf,,,indc,plur,,past,tran,
рука,NOUN,inan,,femn,,,sing,,,,
пожалуйста,PRCL,,,,,,,,,,
май,NOUN,inan,,masc,,,sing,,,,
линия,NOUN,inan,,femn,,,sing,,,,
делать,VERB,,impf,masc,,indc,sing,,past,tran,
иной,ADJF,,,femn,,,sing,,,,
состав,NOUN,inan,,masc,,,sing,,,,
год,NOUN,inan,,masc,,,plur,,,,
пройти,VERB,,perf,masc,,indc,sing,,past,tran,
новый,ADJF,,,femn,,,sing,,,,
полный,ADJF,,,femn,,,sing,,,,
какой-то,ADJF,,,femn,,,sing,,,,
по-прежнему,ADVB,,,,,,,,,,
система,NOUN,inan,,femn,,,sing,,,,
девушка,NOUN,anim,,femn,,,sing,,,,
иногда,ADVB,,,,,,,,,,
перед,PREP,,,,,,,,,,
значительно,ADVB,,,,,,,,,,
наоборот,ADVB,,,,,,,,,,
ждать,INFN,,impf,,,,,,,tran,
жизнь,NOUN,inan,,femn,,,sing,,,,
вода,NOUN,inan,,femn,,,sing,,,,
правило,NOUN,inan,,neut,,,sing,,,,
больший,ADJF,,,,,,plur,,,,
ходить,INFN,,impf,,,,,,,intr,
навсегда,ADVB,,,,,,,,,,
мой,ADJF,,,masc,,,sing,,,,
хотеть,VERB,,impf,femn,,indc,sing,,past,tran,
называться,VERB,,impf,,,indc,sing,3per,pres,intr,
случайно,ADVB,,,,,,,,,,
развитие,NOUN,inan,,neut,,,sing,,,,
понимать,VERB,,impf,masc,,indc,sing,,past,tran,
прочить,VERB,,impf,,,indc,plur,1per,pres,tran,
произнести,VERB,,perf,masc,,indc,sing,,past,tran,
польза,NOUN,inan,,femn,,,sing,,,,
огонь,NOUN,inan,,masc,,,sing,,,,
тридцать,NUMR,,,,,,,,,,
нога,NOUN,inan,,femn,,,plur,,,,
поднять,VERB,,perf,masc,,indc,sing,,past,tran,
бумага,NOUN,inan,,femn,,,sing,,,,
чем,CONJ,,,,,,,,,,
противник,NOUN,anim,,masc,,,sing,,,,
территория,NOUN,inan,,femn,,,sing,,,,
счастие,NOUN,inan,,neut,,,sing,,,,
правильно,ADVB,,,,,,,,,,
чисто,ADVB,,,,,,,,,,
общий,ADJF,,,neut,,,sing,,,,
вслед,ADVB,,,,,,,,,,
представлять,VERB,,impf,,,indc,sing,3per,pres,tran,
окончательно,ADVB,,,,,,,,,,
улица,NOUN,inan,,femn,,,sing,,,,
площадь,NOUN,inan,,femn,,,sing,,,,
ii,,,,,,,,,,,
сожаление,NOUN,inan,,neut,,,sing,,,,
сам,ADJF,,,neut,,,sing,,,,
почувствовать,VERB,,perf,masc,,indc,sing,,past,tran,
мы,NPRO,,,,,,plur,1per,,,
какой-нибудь,ADJF,inan,,masc,,,sing,,,,
доктор,NOUN,anim,,masc,,,sing,,,,
строго,ADVB,,,,,,,,,,
зато,CONJ,,,,,,,,,,
работать,VERB,,impf,masc,,indc,sing,,past,intr,
требовать,VERB,,impf,,,indc,sing,3per,pres,tran,
ка,,,,,,,,,,,
везде,ADVB,,,,,,,,,,
станция,NOUN,inan,,femn,,,sing,,,,
утро,NOUN,inan,,neut,,,sing,,,,
неужели,PRCL,,,,,,,,,,
быть,VERB,,impf,,,indc,sing,2per,futr,intr,
сентябрь,NOUN,inan,,masc,,,sing,,,,
гора,NOUN,inan,,femn,,,sing,,,,
черта,NOUN,inan,,femn,,,plur,,,,
оказываться,VERB,,impf,,,indc,sing,3per,pres,intr,
лес,NOUN,inan,,masc,,,sing,,,,
август,NOUN,inan,,masc,,,sing,,,,
море,NOUN,inan,,neut,,,sing,,,,
доллар,NOUN,inan,,masc,,,plur,,,,
дух,NOUN,inan,,masc,,,sing,,,,
борис,NOUN,anim,,masc,,,sing,,,,
театр,NOUN,inan,,masc,,,sing,,,,
жена,NOUN,anim,,femn,,,sing,,,,
однажды,ADVB,,,,,,,,,,
рассказать,VERB,,perf,masc,,indc,sing,,past,tran,
отсюда,ADVB,,,,,,,,,,
бывать,VERB,,impf,neut,,indc,sing,,past,intr,
силой,ADVB,,,,,,,,,,
человек,NOUN,anim,,masc,,,sing,,,,
соответствие,NOUN,inan,,neut,,,sing,,,,
жить,VERB,,impf,,,indc,plur,3per,pres,intr,
рано,ADVB,,,,,,,,,,
частью,ADVB,,,,,,,,,,
река,NOUN,inan,,femn,,,sing,,,,
войско,NOUN,inan,,neut,,,plur,,,,
вон,ADVB,,,,,,,,,,
петербург,NOUN,inan,,masc,,,sing,,,,
квартира,NOUN,inan,,femn,,,sing,,,,
брат,NOUN,anim,,masc,,,sing,,,,
крепко,ADVB,,,,,,,,,,
собственно,ADVB,,,,,,,,,,
хлеб,NOUN,inan,,masc,,,sing,,,,
лёгкий,COMP,,,,,,,,,,
война,NOUN,inan,,femn,,,sing,,,,
желание,NOUN,inan,,neut,,,sing,,,,
начальник,NOUN,anim,,masc,,,sing,,,,
о,PREP,,,,,,,,,,
лежалый,ADJS,,,masc,,,sing,,,,
газета,NOUN,inan,,femn,,,sing,,,,
пять,NUMR,,,,,,,,,,
относительно,PREP,,,,,,,,,,
нос,NOUN,inan,,masc,,,sing,,,,
воздух,NOUN,inan,,masc,,,sing,,,,
работать,VERB,,impf,,,indc,sing,3per,pres,intr,
быть,VERB,,impf,masc,,indc,sing,,past,intr,
знать,VERB,,impf,,,indc,plur,1per,pres,tran,
семь,NUMR,,,,,,,,,,
дом,NOUN,inan,,masc,,,sing,,,,
пол,NOUN,anim,,masc,,,sing,,,,
последний,ADJF,,,,,,plur,,,,
редко,ADVB,,,,,,,,,,
показать,VERB,,perf,masc,,indc,sing,,past,tran,
дать,PRTF,,perf,,,,plur,,past,tran,pssv
заявить,VERB,,perf,masc,,indc,sing,,past,tran,
помочь,INFN,,perf,,,,,,,intr,
прошлое,NOUN,inan,,neut,,,sing,,,,
смотреть,VERB,,impf,,,indc,sing,3per,pres,tran,
время,NOUN,inan,,neut,,,sing,,,,
вдруг,ADVB,,,,,,,,,,
рассказывать,VERB,,impf,masc,,indc,sing,,past,tran,
один,ADJF,,,femn,,,sing,,,,
целое,NOUN,inan,,neut,,,sing,,,,
личность,NOUN,inan,,femn,,,sing,,,,
связь,NOUN,inan,,femn,,,sing,,,,
леса,NOUN,inan,,femn,,,sing,,,,
естественно,ADVB,,,,,,,,,,
номер,NOUN,inan,,masc,,,sing,,,,
какой,ADJF,,,femn,,,sing,,,,
о,PREP,,,,,,,,,,
кстати,CONJ,,,,,,,,,,
грудь,NOUN,inan,,femn,,,sing,,,,
общество,NOUN,inan,,neut,,,sing,,,,
дело,NOUN,inan,,neut,,,sing,,,,
план,NOUN,inan,,masc,,,sing,,,,
без,PREP,,,,,,,,,,
хотеть,VERB,,impf,,,indc,plur,,past,tran,
ходить,VERB,,impf,masc,,indc,sing,,past,intr,
прекрасно,ADVB,,,,,,,,,,
безопасность,NOUN,inan,,femn,,,sing,,,,
машина,NOUN,inan,,femn,,,sing,,,,
сделать,VERB,,perf,,,indc,plur,,past,tran,
хозяин,NOUN,anim,,masc,,,sing,,,,
нужный,ADJS,,,,,,plur,,,,
взгляд,NOUN,inan,,masc,,,sing,,,,
март,NOUN,inan,,masc,,,sing,,,,
действие,NOUN,inan,,neut,,,sing,,,,
глава,NOUN,anim,,masc,,,sing,,,,
вне,PREP,,,,,,,,,,
твой,ADJF,,,masc,,,sing,,,,
выходить,VERB,,impf,,,indc,sing,3per,pres,intr,
какой-то,ADJF,,,neut,,,sing,,,,
остаться,VERB,,perf,,,indc,plur,,past,intr,
мочь,VERB,,impf,,,indc,plur,2per,pres,intr,
делать,VERB,,impf,,,indc,plur,3per,pres,tran,
положение,NOUN,inan,,neut,,,sing,,,,
оказаться,VERB,,perf,,,indc,plur,,past,intr,
пред,PREP,,,,,,,,,,
молодая,NOUN,anim,,femn,,,plur,,,,
болезнь,NOUN,inan,,femn,,,sing,,,,
зависеть,VERB,,impf,,,indc,sing,3per,pres,intr,
пора,NOUN,inan,,femn,,,sing,,,,
господь,NOUN,anim,,masc,,,sing,,,,
семья,NOUN,inan,,femn,,,sing,,,,
задача,NOUN,inan,,femn,,,sing,,,,
ваш,ADJF,,,,,,plur,,,,
проговорить,VERB,,perf,masc,,indc,sing,,past,tran,
платье,NOUN,inan,,neut,,,sing,,,,
действие,NOUN,inan,,neut,,,plur,,,,
факт,NOUN,inan,,masc,,,sing,,,,
идея,NOUN,inan,,femn,,,sing,,,,
миллион,NOUN,inan,,masc,,,sing,,,,
решить,VERB,,perf,,,indc,plur,,past,tran,
мнение,NOUN,inan,,neut,,,sing,,,,
николай,NOUN,anim,,masc,,,sing,,,,
внимательно,ADVB,,,,,,,,,,
ответить,VERB,,perf,femn,,indc,sing,,past,intr,
некоторый,ADJF,,,neut,,,sing,,,,
отношение,NOUN,inan,,neut,,,plur,,,,
каждый,ADJF,inan,,masc,,,sing,,,,
днём,ADVB,,,,,,,,,,
ольга,NOUN,anim,,femn,,,sing,,,,
июнь,NOUN,inan,,masc,,,sing,,,,
необходимость,NOUN,inan,,femn,,,sing,,,,
примерно,ADVB,,,,,,,,,,
снег,NOUN,inan,,masc,,,sing,,,,
январь,NOUN,inan,,masc,,,sing,,,,
образование,NOUN,inan,,neut,,,sing,,,,
октябрь,NOUN,inan,,masc,,,sing,,,,
знать,GRND,,impf,,,,,,pres,tran,
увидеть,INFN,,perf,,,,,,,tran,
сорок,NUMR,,,,,,,,,,
леса,NOUN,inan,,femn,,,sing,,,,
кстати,CONJ,,,,,,,,,,
кругом,ADVB,,,,,,,,,,
ребята,NOUN,anim,,,,,plur,,,,
германия,NOUN,inan,,femn,,,sing,,,,
улыбнуться,VERB,,perf,masc,,indc,sing,,past,intr,
угол,NOUN,inan,,masc,,,sing,,,,
ваш,ADJF,,,neut,,,sing,,,,
последний,ADJF,,,neut,,,sing,,,,
согласиться,VERB,,perf,masc,,indc,sing,,past,intr,
выйти,VERB,,perf,,,indc,plur,,past,intr,
бог,NOUN,anim,,masc,,,sing,,,,
какой-то,ADJF,,,,,,plur,,,,
свобода,NOUN,inan,,femn,,,sing,,,,
саша,NOUN,anim,,femn,,,sing,,,,
язык,NOUN,anim,,masc,,,sing,,,,
понятно,ADVB,,,,,,,,,,
близко,ADVB,,,,,,,,,,
ситуация,NOUN,inan,,femn,,,sing,,,,
двое,NUMR,,,,,,,,,,
декабрь,NOUN,inan,,masc,,,sing,,,,
вещий,ADJF,,,femn,,,sing,,,,
закон,NOUN,inan,,masc,,,sing,,,,
государственный,ADJF,,,femn,,,sing,,,,
какой,ADJF,,,,,,plur,,,,
забыть,VERB,,perf,masc,,indc,sing,,past,tran,
апрель,NOUN,inan,,masc,,,sing,,,,
всякая,NPRO,,,femn,,,sing,,,,
хороший,ADJF,,,masc,,,sing,,,,
ваш,ADJF,,,femn,,,sing,,,,
хлеб,NOUN,inan,,masc,,,sing,,,,
театр,NOUN,inan,,masc,,,sing,,,,
осторожно,ADVB,,,,,,,,,,
ст,NOUN,inan,,femn,,,sing,,,,
войско,NOUN,inan,,neut,,,sing,,,,
зал,NOUN,inan,,masc,,,sing,,,,
язык,NOUN,inan,,masc,,,sing,,,,
рост,NOUN,inan,,masc,,,sing,,,,
том,NOUN,inan,,masc,,,sing,,,,
дядя,NOUN,anim,,masc,,,sing,,,,
позволять,VERB,,impf,,,indc,sing,3per,pres,tran,
иван,NOUN,anim,,femn,,,sing,,,,
автор,NOUN,anim,,masc,,,sing,,,,
приятно,ADVB,,,,,,,,,,
нужный,ADJS,,,masc,,,sing,,,,
наука,NOUN,inan,,femn,,,plur,,,,
исследование,NOUN,inan,,neut,,,sing,,,,
широко,ADVB,,,,,,,,,,
значение,NOUN,inan,,neut,,,sing,,,,
нога,NOUN,inan,,femn,,,sing,,,,
радость,NOUN,inan,,femn,,,sing,,,,
исключительно,PRCL,,,,,,,,,,
прошлое,NOUN,inan,,neut,,,sing,,,,
капитан,NOUN,anim,,masc,,,sing,,,,
оказаться,VERB,,perf,femn,,indc,sing,,past,intr,
тысяча,NOUN,inan,,femn,,,sing,,,,
большой,ADJF,,,neut,,,sing,,,,
собственный,ADJF,,,femn,,,sing,,,,
пить,INFN,,impf,,,,,,,tran,
общий,ADJF,,,femn,,,sing,,,,
сей,ADJF,,,neut,,,sing,,,,
квартира,NOUN,inan,,femn,,,sing,,,,
просить,VERB,,impf,masc,,indc,sing,,past,tran,
рис,NOUN,inan,,masc,,,sing,,,,
число,NOUN,inan,,neut,,,sing,,,,
шаг,NOUN,inan,,masc,,,sing,,,,
составлять,VERB,,impf,,,indc,sing,3per,pres,tran,
поверхность,NOUN,inan,,femn,,,sing,,,,
считать,VERB,,perf,masc,,indc,sing,,past,tran,
хотеть,VERB,,impf,,,indc,plur,3per,pres,tran,
никто,NPRO,,,,,,sing,,,,
60,,,,,,,,,,,
содержание,NOUN,inan,,neut,,,sing,,,,
радость,NOUN,inan,,femn,,,sing,,,,
видеть,VERB,,impf,femn,,indc,sing,,past,tran,
лошадь,NOUN,anim,,femn,,,plur,,,,
большинство,NOUN,inan,,neut,,,sing,,,,
член,NOUN,anim,,masc,,,plur,,,,
выражение,NOUN,inan,,neut,,,sing,,,,
друг,NOUN,anim,,masc,,,plur,,,,
сознание,NOUN,inan,,neut,,,sing,,,,
земля,NOUN,inan,,femn,,,sing,,,,
серьёзно,ADVB,,,,,,,,,,
орган,NOUN,inan,,masc,,,plur,,,,
дорогой,ADVB,,,,,,,,,,
мера,NOUN,inan,,femn,,,sing,,,,
навстречу,ADVB,,,,,,,,,,
самый,ADJF,,,femn,,,sing,,,,
сказать,PRTS,,perf,neut,,,sing,,past,,pssv
быть,GRND,,impf,,,,,,pres,intr,
фёдор,NOUN,anim,,masc,,,sing,,,,
вопрос,NOUN,inan,,masc,,,plur,,,,
порядок,NOUN,inan,,masc,,,sing,,,,
сущность,NOUN,inan,,femn,,,sing,,,,
цвет,NOUN,inan,,masc,,,sing,,,,
петербург,NOUN,inan,,masc,,,sing,,,,
состояние,NOUN,inan,,neut,,,sing,,,,
нравиться,VERB,,impf,,,indc,sing,3per,pres,intr,
считать,VERB,,impf,,,indc,sing,3per,pres,tran,
гость,NOUN,anim,,masc,,,plur,,,,
26,,,,,,,,,,,
политика,NOUN,inan,,femn,,,sing,,,,
открыть,VERB,,perf,masc,,indc,sing,,past,tran,
2002,,,,,,,,,,,
больший,ADJF,,,femn,,,sing,,,,
июль,NOUN,inan,,masc,,,sing,,,,
отвечать,VERB,,impf,,,indc,sing,3per,pres,intr,
человек,NOUN,anim,,masc,,,plur,,,,
судьба,NOUN,inan,,femn,,,sing,,,,
сознание,NOUN,inan,,neut,,,sing,,,,
найти,VERB,,perf,,,indc,plur,,past,tran,
песнь,NOUN,inan,,femn,,,sing,,,,
нежели,CONJ,,,,,,,,,,
плечо,NOUN,inan,,neut,,,plur,,,,
показать,INFN,,perf,,,,,,,tran,
такой,ADJF,,,,,,plur,,,,
господин,NOUN,anim,,masc,,,plur,,,,
отдельный,ADJF,,,,,,plur,,,,
особенно,ADVB,,,,,,,,,,
28,,,,,,,,,,,
дух,NOUN,anim,,masc,,,sing,,,,
какой,ADJF,,,femn,,,sing,,,,
новый,ADJF,,,femn,,,sing,,,,
франция,NOUN,inan,,femn,,,sing,,,,
вопрос,NOUN,inan,,masc,,,sing,,,,
вид,NOUN,inan,,masc,,,sing,,,,
объяснить,INFN,,perf,,,,,,,tran,
де,PRCL,,,,,,,,,,
давать,VERB,,impf,,,indc,plur,3per,pres,tran,
стол,NOUN,inan,,masc,,,sing,,,,
многий,ADJF,,,neut,,,sing,,,,
восемь,NUMR,,,,,,,,,,
спустя,PREP,,,,,,,,,,
последний,ADJF,,,femn,,,sing,,,,
нужный,ADJS,,,femn,,,sing,,,,
подняться,VERB,,perf,masc,,indc,sing,,past,intr,
просто,PRCL,,,,,,,,,,
27,,,,,,,,,,,
de,,,,,,,,,,,
воля,NOUN,inan,,femn,,,sing,,,,
рука,NOUN,inan,,femn,,,sing,,,,
петра,NOUN,anim,,femn,,,sing,,,,
куда-то,ADVB,,,,,,,,,,
опять,ADVB,,,,,,,,,,
поздний,COMP,,,,,,,,,,
улица,NOUN,inan,,femn,,,sing,,,,
интересно,ADVB,,,,,,,,,,
р,NOUN,anim,,masc,,,sing,,,,
небольшой,ADJF,,,masc,,,sing,,,,
характер,NOUN,inan,,masc,,,sing,,,,
полка,NOUN,inan,,femn,,,sing,,,,
друг,NOUN,anim,,masc,,,plur,,,,
прошлый,ADJS,,,neut,,,sing,,,,
война,NOUN,inan,,femn,,,sing,,,,
церковь,NOUN,inan,,femn,,,sing,,,,
книга,NOUN,inan,,femn,,,plur,,,,
использовать,INFN,,perf,,,,,,,tran,
оттого,ADVB,,,,,,,,,,
рубль,NOUN,inan,,masc,,,sing,,,,
уровень,NOUN,inan,,masc,,,sing,,,,
служить,INFN,,impf,,,,,,,tran,
больно,ADVB,,,,,,,,,,
народ,NOUN,inan,,masc,,,sing,,,,
сначала,ADVB,,,,,,,,,,
посмотреть,INFN,,perf,,,,,,,tran,
кино,NOUN,inan,,neut,,,sing,,,,
поль,NOUN,anim,,masc,,,sing,,,,
берег,NOUN,inan,,masc,,,sing,,,,
среди,PREP,,,,,,,,,,
два,ADJF,,,neut,,,sing,,,,
направление,NOUN,inan,,neut,,,sing,,,,
пример,NOUN,inan,,masc,,,sing,,,,
класс,NOUN,inan,,masc,,,sing,,,,
уж,ADVB,,,,,,,,,,
страх,ADVB,,,,,,,,,,
стоять,VERB,,impf,,,indc,plur,3per,pres,intr,
процент,NOUN,inan,,masc,,,plur,,,,
цель,NOUN,inan,,femn,,,sing,,,,
государство,NOUN,inan,,neut,,,sing,,,,
лошадь,NOUN,anim,,femn,,,sing,,,,
сильный,COMP,,,,,,,,,,
с,PREP,,,,,,,,,,
всякий,ADJF,,,,,,plur,,,,
выйти,INFN,,perf,,,,,,,intr,
виктор,NOUN,anim,,masc,,,sing,,,,
живой,NOUN,anim,,masc,,,sing,,,,
сам,ADJF,,,,,,plur,,,,
следовательно,CONJ,,,,,,,,,,
спина,NOUN,inan,,femn,,,sing,,,,
лицо,NOUN,inan,,neut,,,sing,,,,
миллион,NOUN,inan,,masc,,,plur,,,,
уверенный,ADJS,,,masc,,,sing,,,,
животное,NOUN,anim,,neut,,,plur,,,,
школа,NOUN,inan,,femn,,,sing,,,,
деревня,NOUN,inan,,femn,,,sing,,,,
берег,NOUN,inan,,masc,,,sing,,,,
зуб,NOUN,inan,,masc,,,plur,,,,
сидеть,VERB,,impf,femn,,indc,sing,,past,intr,
крайне,ADVB,,,,,,,,,,
делаться,VERB,,impf,,,indc,sing,3per,pres,intr,
думать,VERB,,impf,,,indc,sing,3per,pres,intr,
основное,NOUN,inan,,neut,,,sing,,,,
теория,NOUN,inan,,femn,,,sing,,,,
генерал,NOUN,anim,,masc,,,sing,,,,
просить,VERB,,impf,,,indc,sing,1per,pres,tran,
2003,,,,,,,,,,,
бросить,VERB,,perf,masc,,indc,sing,,past,tran,
ход,NOUN,inan,,masc,,,sing,,,,
вера,NOUN,inan,,femn,,,sing,,,,
вчера,ADVB,,,,,,,,,,
директор,NOUN,anim,,masc,,,sing,,,,
высокий,ADJF,,,femn,,,sing,,,,
насчёт,PREP,,,,,,,,,,
иметь,VERB,,impf,,,indc,sing,1per,pres,tran,
сверху,ADVB,,,,,,,,,,
главный,ADJF,,,masc,,,sing,,,,
один,ADJF,,,masc,,,sing,,,,
заранее,ADVB,,,,,,,,,,
президент,NOUN,anim,,masc,,,sing,,,,
рождение,NOUN,inan,,neut,,,sing,,,,
думать,VERB,,impf,femn,,indc,sing,,past,intr,
спрашивать,VERB,,impf,,,indc,sing,3per,pres,tran,
христос,NOUN,anim,,masc,,,sing,,,,
сон,NOUN,inan,,masc,,,sing,,,,
попасть,VERB,,perf,masc,,indc,sing,,past,intr,
получить,VERB,,perf,,,indc,plur,,past,tran,
влияние,NOUN,inan,,neut,,,sing,,,,
ждать,VERB,,impf,masc,,indc,sing,,past,tran,
глава,NOUN,inan,,femn,,,sing,,,,
событие,NOUN,inan,,neut,,,sing,,,,
два,NUMR,,,masc,,,,,,,
край,NOUN,inan,,masc,,,sing,,,,
предприятие,NOUN,inan,,neut,,,sing,,,,
предприятие,NOUN,inan,,neut,,,plur,,,,
промышленность,NOUN,inan,,femn,,,sing,,,,
идея,NOUN,inan,,femn,,,sing,,,,
быть,VERB,,impf,,,indc,plur,2per,futr,intr,
обратиться,VERB,,perf,masc,,indc,sing,,past,intr,
появиться,VERB,,perf,masc,,indc,sing,,past,intr,
катя,NOUN,anim,,femn,,,sing,,,,
четыре,NUMR,,,,,,,,,,
стена,NOUN,inan,,femn,,,sing,,,,
какой,ADJF,,,masc,,,sing,,,,
правда,NOUN,inan,,femn,,,sing,,,,
какой,ADJF,,,femn,,,sing,,,,
служба,NOUN,inan,,femn,,,sing,,,,
зато,CONJ,,,,,,,,,,
интерес,NOUN,inan,,masc,,,sing,,,,
воздух,NOUN,inan,,masc,,,sing,,,,
поставить,INFN,,perf,,,,,,,tran,
остальной,ADJF,,,,,,plur,,,,
ноябрь,NOUN,inan,,masc,,,sing,,,,
совет,NOUN,inan,,masc,,,sing,,,,
впоследствии,ADVB,,,,,,,,,,
село,NOUN,inan,,neut,,,sing,,,,
ребёнок,NOUN,anim,,masc,,,sing,,,,
много,ADVB,,,,,,,,,,
борьба,NOUN,inan,,femn,,,sing,,,,
название,NOUN,inan,,neut,,,sing,,,,
угол,NOUN,inan,,masc,,,sing,,,,
машина,NOUN,inan,,femn,,,sing,,,,
быть,VERB,,impf,,,indc,plur,3per,pres,intr,
приказать,VERB,,perf,masc,,indc,sing,,past,tran,
уровень,NOUN,inan,,masc,,,sing,,,,
старое,NOUN,inan,,neut,,,sing,,,,
мой,ADJF,,,masc,,,sing,,,,
вино,NOUN,inan,,neut,,,sing,,,,
некогда,PRED,,,,,,,,pres,,
гражданин,NOUN,anim,,masc,,,plur,,,,
наш,ADJF,,,neut,,,sing,,,,
встреча,NOUN,inan,,femn,,,sing,,,,
великий,ADJF,,,masc,,,sing,,,,
горе,ADVB,,,,,,,,,,
рост,NOUN,inan,,masc,,,sing,,,,
система,NOUN,inan,,femn,,,sing,,,,
улыбка,NOUN,inan,,femn,,,sing,,,,
народ,NOUN,inan,,masc,,,plur,,,,
дать,PRTF,,perf,,,,plur,,past,tran,pssv
квартира,NOUN,inan,,femn,,,sing,,,,
немало,ADVB,,,,,,,,,,
смотреть,VERB,,impf,,,indc,plur,,past,tran,
изменение,NOUN,inan,,neut,,,sing,,,,
великое,NOUN,inan,,neut,,,sing,,,,
зависимость,NOUN,inan,,femn,,,sing,,,,
вещь,NOUN,inan,,femn,,,sing,,,,
несколько,ADVB,,,,,,,,,,
жена,NOUN,anim,,femn,,,sing,,,,
папа,NOUN,anim,,masc,,,sing,,,,
закричать,VERB,,perf,masc,,indc,sing,,past,intr,
военный,NOUN,anim,,masc,,,plur,,,,
оставить,INFN,,perf,,,,,,,tran,
воскликнуть,VERB,,perf,masc,,indc,sing,,past,tran,
оба,NUMR,,,femn,,,,,,,
летом,ADVB,,,,,,,,,,
сказать,VERB,,perf,,,indc,sing,3per,futr,tran,
девочка,NOUN,anim,,femn,,,sing,,,,
скажем,CONJ,,,,,,,,,,
отсутствие,NOUN,inan,,neut,,,sing,,,,
назвать,INFN,,perf,,,,,,,tran,
белые,NOUN,inan,,,,,plur,,,,
заниматься,INFN,,impf,,,,,,,intr,
жена,NOUN,anim,,femn,,,sing,,,,
иван,NOUN,anim,,masc,,,sing,,,,
другой,ADJF,,,masc,,,sing,,,,
удовольствие,NOUN,inan,,neut,,,sing,,,,
создать,INFN,,perf,,,,,,,tran,
основание,NOUN,inan,,neut,,,sing,,,,
насколько,ADVB,,,,,,,,,,
остаться,VERB,,perf,femn,,indc,sing,,past,intr,
тенить,VERB,,impf,,excl,impr,sing,,,tran,
ход,NOUN,inan,,masc,,,sing,,,,
начинаться,VERB,,impf,,,indc,sing,3per,pres,intr,
действительность,NOUN,inan,,femn,,,sing,,,,
общество,NOUN,inan,,neut,,,sing,,,,
лошадь,NOUN,anim,,femn,,,plur,,,,
пойти,VERB,,perf,,,indc,sing,3per,futr,intr,
взять,VERB,,perf,,,indc,plur,,past,tran,
проблема,NOUN,inan,,femn,,,plur,,,,
уйти,INFN,,perf,,,,,,,intr,
отношение,NOUN,inan,,neut,,,sing,,,,
молодая,NOUN,anim,,femn,,,plur,,,,
поставить,VERB,,perf,masc,,indc,sing,,past,tran,
театр,NOUN,inan,,masc,,,sing,,,,
место,NOUN,inan,,neut,,,plur,,,,
программа,NOUN,inan,,femn,,,sing,,,,
февраль,NOUN,inan,,masc,,,sing,,,,
ответ,NOUN,inan,,masc,,,sing,,,,
европа,NOUN,inan,,femn,,,sing,,,,
группа,NOUN,inan,,femn,,,sing,,,,
трубка,NOUN,inan,,femn,,,sing,,,,
стараться,VERB,,impf,masc,,indc,sing,,past,intr,
хозяйство,NOUN,inan,,neut,,,sing,,,,
внезапно,ADVB,,,,,,,,,,
солнце,NOUN,inan,,neut,,,sing,,,,
написать,INFN,,perf,,,,,,,tran,
вообще,ADVB,,,,,,,,,,
метр,NOUN,inan,,masc,,,plur,,,,
дорога,NOUN,inan,,femn,,,sing,,,,
война,NOUN,inan,,femn,,,sing,,,,
кабинет,NOUN,inan,,masc,,,sing,,,,
часть,NOUN,inan,,femn,,,plur,,,,
ничто,NPRO,,,neut,,,sing,,,,
результат,NOUN,inan,,masc,,,plur,,,,
твой,ADJF,,,femn,,,sing,,,,
ежели,CONJ,,,,,,,,,,
фронт,NOUN,inan,,masc,,,sing,,,,
сообщить,VERB,,perf,masc,,indc,sing,,past,tran,
событие,NOUN,inan,,neut,,,plur,,,,
рассказ,NOUN,inan,,masc,,,sing,,,,
сталин,NOUN,anim,,masc,,,sing,,,,
спасибо,INTJ,,,,,,,,,,
отличие,NOUN,inan,,neut,,,sing,,,,
задача,NOUN,inan,,femn,,,sing,,,,
отправиться,VERB,,perf,masc,,indc,sing,,past,intr,
сомнение,NOUN,inan,,neut,,,sing,,,,
сведение,NOUN,inan,,neut,,,sing,,,,
знание,NOUN,inan,,neut,,,sing,,,,
попросить,VERB,,perf,masc,,indc,sing,,past,tran,
многие,NPRO,,,,,,plur,,,,
царь,NOUN,anim,,masc,,,sing,,,,
литература,NOUN,inan,,femn,,,sing,,,,
новый,ADJF,,,,,,plur,,,,
качество,NOUN,inan,,neut,,,sing,,,,
получаться,VERB,,impf,,,indc,sing,3per,pres,intr,
какой-то,ADJF,,,femn,,,sing,,,,
будущее,NOUN,inan,,neut,,,sing,,,,
вести,VERB,,impf,,,indc,sing,3per,pres,tran,
начальник,NOUN,anim,,masc,,,sing,,,,
парень,NOUN,anim,,masc,,,sing,,,,
мужчина,NOUN,anim,,masc,,,sing,,,,
неизвестно,ADVB,,,,,,,,,,
плечо,NOUN,inan,,neut,,,plur,,,,
сад,NOUN,inan,,masc,,,sing,,,,
нередко,ADVB,,,,,,,,,,
она,NPRO,,,femn,,,sing,3per,,,
политический,ADJF,,,femn,,,sing,,,,
согласно,PREP,,,,,,,,,,
мочь,VERB,,impf,,,indc,sing,2per,pres,intr,
мама,NOUN,anim,,femn,,,sing,,,,
один,ADJF,,,femn,,,sing,,,,
невольно,ADVB,,,,,,,,,,
понять,VERB,,perf,femn,,indc,sing,,past,tran,
государь,NOUN,anim,,masc,,,sing,,,,
прийти,VERB,,perf,,,indc,sing,3per,futr,intr,
прежде,ADVB,,,,,,,,,,
картина,NOUN,inan,,femn,,,sing,,,,
километр,NOUN,inan,,masc,,,sing,,,,
условие,NOUN,inan,,neut,,,plur,,,,
положить,VERB,,perf,masc,,indc,sing,,past,tran,
энергия,NOUN,inan,,femn,,,sing,,,,
отчего,CONJ,,,,,,,,,,
будущее,NOUN,inan,,neut,,,sing,,,,
услышать,VERB,,perf,masc,,indc,sing,,past,tran,
нельзя,PRED,,,,,,,,pres,,
процесс,NOUN,inan,,masc,,,sing,,,,
настоящий,ADJF,,,masc,,,sing,,,,
по-видимому,CONJ,,,,,,,,,,
процесс,NOUN,inan,,masc,,,sing,,,,
слушать,INFN,,impf,,,,,,,tran,
способ,NOUN,inan,,masc,,,sing,,,,
здоровье,NOUN,inan,,neut,,,sing,,,,
старое,NOUN,inan,,neut,,,plur,,,,
велеть,VERB,,perf,masc,,indc,sing,,past,intr,
дочь,NOUN,anim,,femn,,,plur,,,,
природа,NOUN,inan,,femn,,,sing,,,,
оставить,VERB,,perf,masc,,indc,sing,,past,tran,
оба,NUMR,anim,,masc,,,,,,,
любить,INFN,,impf,,,,,,,tran,
каждый,ADJF,,,masc,,,sing,,,,
цк,NOUN,inan,,masc,,,sing,,,,
советский,ADJF,,,femn,,,sing,,,,
труд,NOUN,inan,,masc,,,sing,,,,
зал,NOUN,inan,,masc,,,sing,,,,
каждый,ADJF,,,masc,,,sing,,,,
страх,NOUN,inan,,masc,,,sing,,,,
союз,NOUN,inan,,masc,,,sing,,,,
поехать,VERB,,perf,masc,,indc,sing,,past,intr,
купить,INFN,,perf,,,,,,,tran,
абсолютно,ADVB,,,,,,,,,,
оставаться,VERB,,impf,neut,,indc,sing,,past,intr,
слушать,VERB,,impf,masc,,indc,sing,,past,tran,
уехать,VERB,,perf,masc,,indc,sing,,past,intr,
iii,,,,,,,,,,,
ваш,ADJF,,,femn,,,sing,,,,
смотреть,VERB,,impf,femn,,indc,sing,,past,tran,
сцена,NOUN,inan,,femn,,,sing,,,,
какой,ADJF,,,,,,plur,,,,
царь,NOUN,anim,,masc,,,sing,,,,
граф,NOUN,inan,,masc,,,sing,,,,
бывать,VERB,,impf,,,indc,plur,3per,pres,intr,
непосредственно,ADVB,,,,,,,,,,
вследствие,PREP,,,,,,,,,,
полковник,NOUN,anim,,masc,,,sing,,,,
обыкновенно,ADVB,,,,,,,,,,
имя,NOUN,inan,,neut,,,sing,,,,
высокий,ADJF,,,masc,,,sing,,,,
удар,NOUN,inan,,masc,,,sing,,,,
видеть,VERB,,impf,,,indc,plur,2per,pres,tran,
мировой,ADJF,,,femn,,,sing,,,,
29,,,,,,,,,,,
сзади,ADVB,,,,,,,,,,
мужик,NOUN,anim,,masc,,,sing,,,,
район,NOUN,inan,,masc,,,sing,,,,
пётр,NOUN,anim,,femn,,,sing,,,,
плечо,NOUN,inan,,neut,,,sing,,,,
высоко,ADVB,,,,,,,,,,
чёрный,NOUN,anim,,masc,,,plur,,,,
простой,NOUN,inan,,masc,,,sing,,,,
ранее,ADVB,,,,,,,,,,
понимать,INFN,,impf,,,,,,,tran,
военный,ADJF,,,femn,,,sing,,,,
приходить,VERB,,impf,,,indc,sing,3per,pres,intr,
постель,NOUN,inan,,femn,,,sing,,,,
несмотря,PREP,,,,,,,,,,
иметь,GRND,,impf,,,,,,pres,tran,
относиться,VERB,,impf,,,indc,sing,3per,pres,intr,
оборона,NOUN,inan,,femn,,,sing,,,,
полный,ADJF,,,masc,,,sing,,,,
явиться,VERB,,perf,masc,,indc,sing,,past,intr,
ровно,ADVB,,,,,,,,,,
рад,ADJS,,,masc,,,sing,,,,
дом,NOUN,inan,,masc,,,plur,,,,
др,NOUN,inan,,masc,,,sing,,,,
будущее,NOUN,inan,,neut,,,sing,,,,
продукция,NOUN,inan,,femn,,,sing,,,,
иметь,VERB,,impf,femn,,indc,sing,,past,tran,
профессор,NOUN,anim,,masc,,,sing,,,,
уровень,NOUN,inan,,masc,,,sing,,,,
настоящий,ADJF,inan,,masc,,,sing,,,,
находиться,VERB,,impf,masc,,indc,sing,,past,intr,
видеть,VERB,,impf,,,indc,sing,2per,pres,tran,
запах,NOUN,inan,,masc,,,sing,,,,
человеческий,ADJF,,,femn,,,sing,,,,
гость,NOUN,anim,,masc,,,plur,,,,
нужно,PRED,,,,,,,,pres,,
позиция,NOUN,inan,,femn,,,sing,,,,
говориться,VERB,,impf,,,indc,sing,3per,pres,intr,
система,NOUN,inan,,femn,,,sing,,,,
человеческий,ADJF,,,neut,,,sing,,,,
олег,NOUN,anim,,masc,,,sing,,,,
николай,NOUN,anim,,masc,,,sing,,,,
офицер,NOUN,anim,,masc,,,plur,,,,
книга,NOUN,inan,,femn,,,sing,,,,
ты,NPRO,,,,,,sing,2per,,,
пара,NOUN,inan,,femn,,,sing,,,,
пальто,NOUN,inan,,neut,,,sing,,,,
отлично,ADVB,,,,,,,,,,
сидеть,INFN,,impf,,,,,,,intr,
ужасно,ADVB,,,,,,,,,,
товарищ,NOUN,anim,,masc,,,plur,,,,
весь,ADJF,,,femn,,,sing,,,,
игра,NOUN,inan,,femn,,,sing,,,,
время,NOUN,inan,,neut,,,plur,,,,
школа,NOUN,inan,,femn,,,sing,,,,
ладный,ADJS,,,neut,,,sing,,,,
специально,ADVB,,,,,,,,,,
остаться,VERB,,perf,,,indc,sing,3per,futr,intr,
рассказать,INFN,,perf,,,,,,,tran,
слава,NOUN,inan,,femn,,,sing,,,,
кричать,VERB,,impf,masc,,indc,sing,,past,intr,
старый,ADJF,,,femn,,,sing,,,,
быть,VERB,,impf,,excl,impr,sing,,,intr,
вздохнуть,VERB,,perf,masc,,indc,sing,,past,intr,
какой-то,ADJF,,,masc,,,sing,,,,
юрий,NOUN,anim,,masc,,,sing,,,,
семья,NOUN,inan,,femn,,,sing,,,,
тема,NOUN,inan,,femn,,,sing,,,,
создание,NOUN,,,neut,,,sing,,,,
бог,NOUN,anim,,masc,,,sing,,,,
твёрдо,ADVB,,,,,,,,,,
колено,NOUN,inan,,neut,,,plur,,,,
комиссия,NOUN,inan,,femn,,,sing,,,,
автор,NOUN,anim,,masc,,,sing,,,,
повторить,VERB,,perf,masc,,indc,sing,,past,tran,
мм,INTJ,,,,,,,,,,
сотня,NOUN,inan,,femn,,,sing,,,,
понимать,VERB,,impf,,,indc,sing,3per,pres,tran,
дмитрий,NOUN,anim,,masc,,,sing,,,,
глубина,NOUN,inan,,femn,,,sing,,,,
70,,,,,,,,,,,
техника,NOUN,inan,,femn,,,sing,,,,
подумать,INFN,,perf,,,,,,,intr,
вряд,ADVB,,,,,,,,,,
искусство,NOUN,inan,,neut,,,sing,,,,
кофе,NOUN,inan,,masc,,,sing,,,,
понятие,NOUN,inan,,neut,,,sing,,,,
проект,NOUN,inan,,masc,,,sing,,,,
центр,NOUN,inan,,masc,,,sing,,,,
2000,,,,,,,,,,,
верить,INFN,,impf,,,,,,,intr,
лето,NOUN,inan,,neut,,,sing,,,,
таня,NOUN,anim,,femn,,,sing,,,,
встретить,VERB,,perf,masc,,indc,sing,,past,tran,
жить,VERB,,impf,femn,,indc,sing,,past,intr,
чего-то,ADVB,,,,,,,,,,
вид,NOUN,inan,,masc,,,sing,,,,
счастие,NOUN,inan,,neut,,,sing,,,,
принадлежать,VERB,,impf,,,indc,sing,3per,pres,intr,
старое,NOUN,inan,,neut,,,plur,,,,
проблема,NOUN,inan,,femn,,,sing,,,,
спин,NOUN,inan,,masc,,,sing,,,,
европа,NOUN,inan,,femn,,,sing,,,,
рынок,NOUN,inan,,masc,,,sing,,,,
сестра,NOUN,anim,,femn,,,sing,,,,
давать,INFN,,impf,,,,,,,tran,
операция,NOUN,inan,,femn,,,sing,,,,
российский,ADJF,,,,,,plur,,,,
край,NOUN,inan,,masc,,,sing,,,,
брать,INFN,,impf,,,,,,,tran,
поэт,NOUN,anim,,masc,,,sing,,,,
миша,NOUN,anim,,masc,,,sing,,,,
человечество,NOUN,inan,,neut,,,sing,,,,
появиться,VERB,,perf,,,indc,plur,,past,intr,
книга,NOUN,inan,,femn,,,sing,,,,
век,ADVB,,,,,,,,,,
держать,INFN,,impf,,,,,,,tran,
пятьдесят,NUMR,,,,,,,,,,
делать,VERB,,impf,,,indc,plur,,past,tran,
стараться,GRND,,impf,,,,,,pres,intr,
p,,,,,,,,,,,
играть,VERB,,impf,masc,,indc,sing,,past,tran,
игорь,NOUN,anim,,masc,,,sing,,,,
молодой,ADJF,,,neut,,,sing,,,,
форма,NOUN,inan,,femn,,,sing,,,,
несомненно,ADVB,,,,,,,,,,
ворота,NOUN,inan,,,,,plur,,,,
десять,NUMR,,,,,,,,,,
мир,NOUN,inan,,masc,,,sing,,,,
написать,PRTS,,perf,neut,,,sing,,past,,pssv
выйти,VERB,,perf,neut,,indc,sing,,past,intr,
вид,NOUN,inan,,masc,,,plur,,,,
ждать,VERB,,impf,,,indc,sing,3per,pres,tran,
необходимость,NOUN,inan,,femn,,,sing,,,,
говорить,VERB,,impf,,,indc,plur,2per,pres,tran,
весь,ADJF,inan,,masc,,,sing,,,,
ум,NOUN,inan,,masc,,,sing,,,,
называть,VERB,,impf,,,indc,plur,3per,pres,tran,
стол,NOUN,inan,,masc,,,sing,,,,
бывший,ADJF,,,masc,,,sing,,,,
уйти,VERB,,perf,femn,,indc,sing,,past,intr,
солдат,NOUN,anim,,masc,,,plur,,,,
каждый,ADJF,,,neut,,,sing,,,,
палец,NOUN,inan,,masc,,,sing,,,,
бог,NOUN,anim,,masc,,,sing,,,,
принимать,INFN,,impf,,,,,,,tran,
деревня,NOUN,inan,,femn,,,sing,,,,
начать,INFN,,perf,,,,,,,tran,
дождь,NOUN,inan,,masc,,,sing,,,,
пытаться,VERB,,impf,masc,,indc,sing,,past,intr,
вера,NOUN,inan,,femn,,,sing,,,,
год,NOUN,inan,,masc,,,plur,,,,
хватать,VERB,,impf,,,indc,sing,3per,pres,tran,
полный,ADJF,,,neut,,,sing,,,,
подобный,ADJF,,,,,,plur,,,,
кивнуть,VERB,,perf,masc,,indc,sing,,past,intr,
твой,ADJF,,,,,,plur,,,,
80,,,,,,,,,,,
взять,VERB,,perf,femn,,indc,sing,,past,tran,
буквально,ADVB,,,,,,,,,,
радостно,ADVB,,,,,,,,,,
показывать,VERB,,impf,,,indc,sing,3per,pres,tran,
предложение,NOUN,inan,,neut,,,sing,,,,
обед,NOUN,inan,,masc,,,sing,,,,
оружие,NOUN,inan,,neut,,,sing,,,,
мужчина,NOUN,anim,,masc,,,plur,,,,
родитель,NOUN,anim,,masc,,,plur,,,,
палец,NOUN,inan,,masc,,,plur,,,,
упасть,VERB,,perf,masc,,indc,sing,,past,intr,
круг,NOUN,inan,,masc,,,sing,,,,
девушка,NOUN,anim,,femn,,,plur,,,,
такой,ADJF,,,femn,,,sing,,,,
полный,ADJF,,,masc,,,sing,,,,
вещество,NOUN,inan,,neut,,,sing,,,,
появиться,VERB,,perf,femn,,indc,sing,,past,intr,
лестница,NOUN,inan,,femn,,,sing,,,,
кровать,NOUN,inan,,femn,,,sing,,,,
иной,ADJF,,,,,,plur,,,,
телефон,NOUN,inan,,masc,,,sing,,,,
отдать,INFN,,perf,,,,,,,tran,
мгновение,NOUN,inan,,neut,,,sing,,,,
вместе,ADVB,,,,,,,,,,
спросить,INFN,,perf,,,,,,,tran,
камень,NOUN,inan,,masc,,,sing,,,,
пройти,VERB,,perf,,,indc,plur,,past,tran,
двор,NOUN,inan,,masc,,,sing,,,,
200,,,,,,,,,,,
более,ADVB,,,,,,,,,,
a,,,,,,,,,,,
заговорить,VERB,,perf,masc,,indc,sing,,past,tran,
следовать,VERB,,impf,neut,,indc,sing,,past,intr,
некоторый,ADJF,,,,,,plur,,,,
жалко,ADVB,,,,,,,,,,
дать,VERB,,perf,,,indc,sing,3per,futr,tran,
бояться,VERB,,impf,,,indc,sing,1per,pres,intr,
большой,COMP,,,,,,,,,,
каждый,ADJF,,,femn,,,sing,,,,
дело,NOUN,inan,,neut,,,plur,,,,
элемент,NOUN,inan,,masc,,,plur,,,,
офицер,NOUN,anim,,masc,,,sing,,,,
раз,NOUN,inan,,masc,,,sing,,,,
машина,NOUN,inan,,femn,,,plur,,,,
пространство,NOUN,inan,,neut,,,sing,,,,
володя,NOUN,anim,,masc,,,sing,,,,
ответить,INFN,,perf,,,,,,,intr,
ряд,NOUN,inan,,masc,,,sing,,,,
цвета,NOUN,anim,,femn,,,plur,,,,
защита,NOUN,inan,,femn,,,sing,,,,
жаль,PRED,,,,,,,,pres,,
знак,NOUN,inan,,masc,,,sing,,,,
лоб,NOUN,inan,,masc,,,sing,,,,
шум,NOUN,inan,,masc,,,sing,,,,
молчать,VERB,,impf,masc,,indc,sing,,past,intr,
сад,NOUN,inan,,masc,,,sing,,,,
означать,VERB,,impf,,,indc,sing,3per,pres,tran,
видеть,VERB,,impf,,,indc,plur,1per,pres,tran,
мать,NOUN,anim,,femn,,,sing,,,,
ход,NOUN,inan,,masc,,,sing,,,,
страна,NOUN,inan,,femn,,,plur,,,,
отец,NOUN,anim,,masc,,,sing,,,,
общий,ADJF,,,neut,,,sing,,,,
понятие,NOUN,inan,,neut,,,sing,,,,
середина,NOUN,inan,,femn,,,sing,,,,
кто-нибудь,NPRO,,,masc,,,sing,,,,
надобный,ADJS,,,neut,,,sing,,,,
экономика,NOUN,inan,,femn,,,sing,,,,
чрез,PREP,,,,,,,,,,
остаться,INFN,,perf,,,,,,,intr,
считать,VERB,,impf,,,indc,plur,3per,pres,tran,
шея,NOUN,inan,,femn,,,sing,,,,
министр,NOUN,anim,,masc,,,sing,,,,
стыдно,ADVB,,,,,,,,,,
передать,INFN,,perf,,,,,,,tran,
внизу,ADVB,,,,,,,,,,
всякий,ADJF,,,neut,,,sing,,,,
готовый,ADJS,,,,,,plur,,,,
бояться,VERB,,impf,masc,,indc,sing,,past,intr,
нигде,ADVB,,,,,,,,,,
иной,ADJF,,,,,,plur,,,,
похоже,CONJ,,,,,,,,,,
париж,NOUN,inan,,masc,,,sing,,,,
надежда,NOUN,inan,,femn,,,sing,,,,
вернуться,INFN,,perf,,,,,,,intr,
различный,ADJF,,,,,,plur,,,,
картина,NOUN,inan,,femn,,,sing,,,,
бабушка,NOUN,anim,,femn,,,sing,,,,
слышный,ADJS,,,neut,,,sing,,,,
предмет,NOUN,inan,,masc,,,sing,,,,
действовать,INFN,,impf,,,,,,,intr,
житель,NOUN,anim,,masc,,,plur,,,,
сделать,VERB,,perf,femn,,indc,sing,,past,tran,
э,INTJ,,,,,,,,,,
производство,NOUN,inan,,neut,,,sing,,,,
военный,NOUN,anim,,masc,,,sing,,,,
палец,NOUN,inan,,masc,,,plur,,,,
играть,VERB,,impf,,,indc,sing,3per,pres,tran,
огонь,NOUN,inan,,masc,,,sing,,,,
рынок,NOUN,inan,,masc,,,sing,,,,
возможно,CONJ,,,,,,,,,,
основный,ADJF,,,,,,plur,,,,
государственный,ADJF,,,neut,,,sing,,,,
тот,ADJF,,,,,,plur,,,,
оружие,NOUN,inan,,neut,,,sing,,,,
представление,NOUN,inan,,neut,,,sing,,,,
пушкин,NOUN,inan,,masc,,,sing,,,,
сталин,NOUN,anim,,masc,,,sing,,,,
материал,NOUN,inan,,masc,,,sing,,,,
причина,NOUN,inan,,femn,,,sing,,,,
иностранный,ADJF,,,,,,plur,,,,
мария,NOUN,anim,,femn,,,sing,,,,
маша,NOUN,anim,,femn,,,sing,,,,
представление,NOUN,inan,,neut,,,sing,,,,
2001,,,,,,,,,,,
детство,NOUN,inan,,neut,,,sing,,,,
документ,NOUN,inan,,masc,,,plur,,,,
иной,ADJF,,,neut,,,sing,,,,
случай,NOUN,inan,,masc,,,plur,,,,
главный,ADJF,,,masc,,,sing,,,,
компания,NOUN,inan,,femn,,,sing,,,,
ходить,VERB,,impf,,,indc,plur,,past,intr,
крестьянин,NOUN,anim,,masc,,,plur,,,,
штаб,NOUN,inan,,masc,,,sing,,,,
ю,NOUN,anim,,masc,,,sing,,,,
сам,ADJF,,,,,,plur,,,,
сон,NOUN,inan,,masc,,,sing,,,,
послать,VERB,,perf,masc,,indc,sing,,past,tran,
роман,NOUN,anim,,masc,,,sing,,,,
хороший,ADJF,,,neut,,,sing,,,,
литература,NOUN,inan,,femn,,,sing,,,,
марья,NOUN,anim,,femn,,,sing,,,,
чёрный,ADJF,,,femn,,,sing,,,,
любить,VERB,,impf,,,indc,plur,3per,pres,tran,
подобно,ADVB,,,,,,,,,,
дать,VERB,,perf,,excl,impr,sing,,,tran,
твой,ADJF,,,neut,,,sing,,,,
проходить,VERB,,impf,,,indc,sing,3per,pres,tran,
милый,ADJF,,,masc,,,sing,,,,
давать,VERB,,impf,,excl,impr,sing,,,tran,
что-то,NPRO,,,neut,,,sing,,,,
протянуть,VERB,,perf,masc,,indc,sing,,past,tran,
рамка,NOUN,inan,,femn,,,plur,,,,
a,,,,,,,,,,,
результат,NOUN,inan,,masc,,,sing,,,,
кажется,CONJ,,,,,,,,,,
тщательно,ADVB,,,,,,,,,,
провести,INFN,,perf,,,,,,,tran,
вскоре,ADVB,,,,,,,,,,
ощущение,NOUN,inan,,neut,,,sing,,,,
заключаться,VERB,,impf,,,indc,sing,3per,pres,intr,
единственный,ADJF,inan,,masc,,,sing,,,,
находиться,VERB,,impf,,,indc,plur,3per,pres,intr,
удивиться,VERB,,perf,masc,,indc,sing,,past,intr,
борьба,NOUN,inan,,femn,,,sing,,,,
воля,NOUN,inan,,femn,,,sing,,,,
институт,NOUN,inan,,masc,,,sing,,,,
верста,NOUN,inan,,femn,,,plur,,,,
определить,INFN,,perf,,,,,,,tran,
хороший,ADJF,,,,,,plur,,,,
белый,ADJF,,,masc,,,sing,,,,
задача,NOUN,inan,,femn,,,plur,,,,
привести,INFN,,perf,,,,,,,tran,
завод,NOUN,inan,,masc,,,sing,,,,
понимать,VERB,,impf,,,indc,sing,2per,pres,tran,
имя,NOUN,inan,,neut,,,sing,,,,
заметно,ADVB,,,,,,,,,,
зло,ADVB,,,,,,,,,,
взглянуть,VERB,,perf,masc,,indc,sing,,past,intr,
пройти,VERB,,perf,femn,,indc,sing,,past,tran,
отношение,NOUN,inan,,neut,,,plur,,,,
замуж,ADVB,,,,,,,,,,
система,NOUN,inan,,femn,,,plur,,,,
ваш,ADJF,,,,,,plur,,,,
жизнь,NOUN,inan,,femn,,,sing,,,,
судьба,NOUN,inan,,femn,,,sing,,,,
сравнение,NOUN,inan,,neut,,,sing,,,,
во-первых,CONJ,,,,,,,,,,
область,NOUN,inan,,femn,,,sing,,,,
держать,VERB,,impf,masc,,indc,sing,,past,tran,
политический,ADJF,,,,,,plur,,,,
пойти,VERB,,perf,,,indc,sing,1per,futr,intr,
брать,VERB,,impf,,,indc,sing,3per,pres,tran,
90,,,,,,,,,,,
крупный,ADJF,,,,,,plur,,,,
такой,ADJF,,,,,,plur,,,,
лежалый,ADJS,,,femn,,,sing,,,,
вечно,ADVB,,,,,,,,,,
правило,NOUN,inan,,neut,,,sing,,,,
думать,VERB,,impf,,,indc,sing,2per,pres,intr,
принять,PRTS,,perf,neut,,,sing,,past,,pssv
музыка,NOUN,inan,,femn,,,sing,,,,
свобода,NOUN,inan,,femn,,,sing,,,,
существование,NOUN,inan,,neut,,,sing,,,,
чувство,NOUN,inan,,neut,,,plur,,,,
радио,NOUN,inan,,neut,,,sing,,,,
пойти,INFN,,perf,,,,,,,intr,
давать,VERB,,impf,,excl,impr,sing,,,tran,
состав,NOUN,inan,,masc,,,sing,,,,
откуда,ADVB,,,,,,,,,,
конец,NOUN,inan,,masc,,,sing,,,,
отчасти,ADVB,,,,,,,,,,
спасть,VERB,,perf,masc,,indc,sing,,past,intr,
успех,NOUN,inan,,masc,,,sing,,,,
белых,NOUN,anim,,,,,sing,,,,
старик,NOUN,anim,,masc,,,sing,,,,
командир,NOUN,anim,,masc,,,sing,,,,
должность,NOUN,inan,,femn,,,sing,,,,
материал,NOUN,inan,,masc,,,plur,,,,
жена,NOUN,anim,,femn,,,sing,,,,
основание,NOUN,inan,,neut,,,sing,,,,
полтора,NUMR,,,masc,,,,,,,
среда,NOUN,inan,,femn,,,sing,,,,
родиться,VERB,,perf,masc,,indc,sing,,past,intr,
рассказывать,INFN,,impf,,,,,,,tran,
совет,NOUN,inan,,masc,,,sing,,,,
президент,NOUN,anim,,masc,,,sing,,,,
трое,NUMR,,,,,,,,,,
сила,NOUN,inan,,femn,,,plur,,,,
отвечать,VERB,,impf,femn,,indc,sing,,past,intr,
слово,NOUN,inan,,neut,,,plur,,,,
спрашивать,VERB,,impf,masc,,indc,sing,,past,tran,
бела,NOUN,anim,,femn,,,sing,,,,
холодный,ADJS,,,neut,,,sing,,,,
начаться,VERB,,perf,femn,,indc,sing,,past,intr,
второе,NOUN,inan,,neut,,,sing,,,,
момент,NOUN,inan,,masc,,,sing,,,,
притом,CONJ,,,,,,,,,,
праздник,NOUN,inan,,masc,,,sing,,,,
31,,,,,,,,,,,
время,NOUN,inan,,neut,,,sing,,,,
чёрный,NOUN,anim,,masc,,,sing,,,,
вечером,ADVB,,,,,,,,,,
твой,ADJF,,,femn,,,sing,,,,
назвать,VERB,,perf,masc,,indc,sing,,past,tran,
0,,,,,,,,,,,
центр,NOUN,inan,,masc,,,sing,,,,
пройти,INFN,,perf,,,,,,,tran,
явление,NOUN,inan,,neut,,,sing,,,,
улыбаться,GRND,,impf,,,,,,pres,intr,
мысль,NOUN,inan,,femn,,,plur,,,,
ходить,VERB,,impf,,,indc,sing,3per,pres,intr,
огромный,ADJF,,,masc,,,sing,,,,
пример,NOUN,inan,,masc,,,sing,,,,
удовольствие,NOUN,inan,,neut,,,sing,,,,
боль,NOUN,inan,,femn,,,sing,,,,
даба,NOUN,inan,,femn,,,sing,,,,
когда-нибудь,ADVB,,,,,,,,,,
страна,NOUN,inan,,femn,,,sing,,,,
марин,NOUN,anim,,masc,,,sing,,,,
всякий,ADJF,,,,,,plur,,,,
опыт,NOUN,inan,,masc,,,sing,,,,
новый,ADJF,inan,,masc,,,sing,,,,
ухо,NOUN,inan,,neut,,,plur,,,,
смысл,NOUN,inan,,masc,,,sing,,,,
ворот,NOUN,inan,,masc,,,sing,,,,
вспомнить,INFN,,perf,,,,,,,tran,
ярко,ADVB,,,,,,,,,,
темнота,NOUN,inan,,femn,,,sing,,,,
требование,NOUN,inan,,neut,,,sing,,,,
завод,NOUN,inan,,masc,,,sing,,,,
свойство,NOUN,inan,,neut,,,sing,,,,
елена,NOUN,anim,,femn,,,sing,,,,
дать,PRTF,,perf,masc,,,sing,,past,tran,pssv
женщина,NOUN,anim,,femn,,,sing,,,,
ладный,ADJS,,,neut,,,sing,,,,
состав,NOUN,inan,,masc,,,sing,,,,
дать,VERB,,perf,,,indc,sing,1per,futr,tran,
дело,NOUN,inan,,neut,,,plur,,,,
какой,ADJF,,,masc,,,sing,,,,
хозяин,NOUN,anim,,masc,,,sing,,,,
ребёнок,NOUN,anim,,masc,,,plur,,,,
использование,NOUN,inan,,neut,,,sing,,,,
член,NOUN,inan,,masc,,,plur,,,,
фирма,NOUN,inan,,femn,,,sing,,,,
мужчина,NOUN,anim,,masc,,,plur,,,,
причина,NOUN,inan,,femn,,,sing,,,,
любить,VERB,,impf,femn,,indc,sing,,past,tran,
считать,VERB,,impf,,,indc,sing,1per,pres,tran,
один,ADJF,,,,,,plur,,,,
журнал,NOUN,inan,,masc,,,sing,,,,
войти,VERB,,perf,,,indc,plur,,past,intr,
принять,VERB,,perf,,,indc,plur,,past,tran,
разумеется,CONJ,,,,,,,,,,
боль,NOUN,inan,,femn,,,sing,,,,
сказать,VERB,,perf,,excl,impr,sing,,,tran,
христос,NOUN,anim,,masc,,,sing,,,,
батюшка,NOUN,anim,,masc,,,sing,,,,
никуда,ADVB,,,,,,,,,,
свободно,ADVB,,,,,,,,,,
площадь,NOUN,inan,,femn,,,sing,,,,
григорий,NOUN,anim,,masc,,,sing,,,,
объявить,VERB,,perf,masc,,indc,sing,,past,tran,
давать,VERB,,impf,masc,,indc,sing,,past,tran,
небо,NOUN,inan,,neut,,,sing,,,,
маленькая,NOUN,anim,,femn,,,plur,,,,
стоять,INFN,,impf,,,,,,,intr,
известный,ADJF,,,masc,,,sing,,,,
организация,NOUN,inan,,femn,,,plur,,,,
хороший,ADJF,,,,,,plur,,,,
пятнадцать,NUMR,,,,,,,,,,
видеть,GRND,,impf,,,,,,pres,tran,
бой,NOUN,inan,,masc,,,sing,,,,
господь,NOUN,anim,,masc,,,sing,,,,
семья,NOUN,inan,,femn,,,sing,,,,
илья,NOUN,anim,,masc,,,sing,,,,
действительно,ADVB,,,,,,,,,,
три,NUMR,inan,,,,,,,,,
город,NOUN,inan,,masc,,,sing,,,,
граница,NOUN,inan,,femn,,,sing,,,,
статья,NOUN,inan,,femn,,,sing,,,,
закон,NOUN,inan,,masc,,,plur,,,,
англия,NOUN,inan,,femn,,,sing,,,,
разговор,NOUN,inan,,masc,,,sing,,,,
сем,PRCL,,,,,,,,,,
черта,NOUN,inan,,femn,,,sing,,,,
каждый,ADJF,,,femn,,,sing,,,,
просить,INFN,,impf,,,,,,,tran,
эх,INTJ,,,,,,,,,,
собственный,ADJF,,,neut,,,sing,,,,
данные,NOUN,inan,,,,,plur,,,,
тепло,ADVB,,,,,,,,,,
добрый,ADJF,,,masc,,,sing,,,,
немножко,ADVB,,,,,,,,,,
существование,NOUN,inan,,neut,,,sing,,,,
граница,NOUN,inan,,femn,,,sing,,,,
снять,VERB,,perf,masc,,indc,sing,,past,tran,
очередь,NOUN,inan,,femn,,,sing,,,,
чувство,NOUN,inan,,neut,,,sing,,,,
провести,VERB,,perf,masc,,indc,sing,,past,tran,
приехать,VERB,,perf,,,indc,plur,,past,intr,
ваш,ADJF,,,neut,,,sing,,,,
броситься,VERB,,perf,masc,,indc,sing,,past,intr,
корпус,NOUN,inan,,masc,,,sing,,,,
помнить,VERB,,impf,,,indc,sing,1per,pres,tran,
существо,NOUN,inan,,neut,,,sing,,,,
порой,ADVB,,,,,,,,,,
хватить,VERB,,perf,,,indc,sing,,futr,intr,
уметь,VERB,,impf,masc,,indc,sing,,past,intr,
образование,NOUN,inan,,neut,,,sing,,,,
служить,VERB,,impf,,,indc,sing,3per,pres,tran,
разговор,NOUN,inan,,masc,,,plur,,,,
нынче,ADVB,,,,,,,,,,
пушкин,NOUN,anim,,masc,,,sing,,,,
кусок,NOUN,inan,,masc,,,sing,,,,
дед,NOUN,anim,,masc,,,sing,,,,
антон,NOUN,anim,,masc,,,sing,,,,
увидеть,VERB,,perf,femn,,indc,sing,,past,tran,
язык,NOUN,inan,,masc,,,sing,,,,
пришлый,ADJS,,,neut,,,sing,,,,
эпоха,NOUN,inan,,femn,,,sing,,,,
машина,NOUN,inan,,femn,,,sing,,,,
писатель,NOUN,anim,,masc,,,sing,,,,
бог,NOUN,anim,,masc,,,sing,,,,
любовь,NOUN,inan,,femn,,,sing,,,,
совесть,NOUN,inan,,femn,,,sing,,,,
думать,VERB,,impf,,,indc,plur,2per,pres,intr,
наверное,ADVB,,,,,,,,,,
желать,GRND,,impf,,,,,,pres,tran,
картина,NOUN,inan,,femn,,,sing,,,,
андрей,NOUN,anim,,masc,,,sing,,,,
немец,NOUN,anim,,masc,,,plur,,,,
опасность,NOUN,inan,,femn,,,sing,,,,
хороший,COMP,,,,,,,,,,
явление,NOUN,inan,,neut,,,sing,,,,
звать,VERB,,impf,,,indc,plur,3per,pres,tran,
кабинет,NOUN,inan,,masc,,,sing,,,,
приказ,NOUN,inan,,masc,,,sing,,,,
заметить,INFN,,perf,,,,,,,tran,
обязать,PRTS,,perf,masc,,,sing,,past,,pssv
of,,,,,,,,,,,
поэт,NOUN,anim,,masc,,,sing,,,,
больной,ADJF,,,,,,plur,,,,
товарищ,NOUN,anim,,masc,,,plur,,,,
звук,NOUN,inan,,masc,,,plur,,,,
мальчик,NOUN,anim,,masc,,,sing,,,,
современный,ADJF,,,femn,,,sing,,,,
государственный,ADJF,,,,,,plur,,,,
нос,NOUN,inan,,masc,,,sing,,,,
объект,NOUN,inan,,masc,,,plur,,,,
говорят,CONJ,,,,,,,,,,
во-вторых,CONJ,,,,,,,,,,
ничто,NPRO,,,neut,,,sing,,,,
внутренний,ADJF,,,,,,plur,,,,
третье,NOUN,inan,,neut,,,sing,,,,
принести,VERB,,perf,masc,,indc,sing,,past,tran,
кричать,VERB,,impf,,,indc,sing,3per,pres,intr,
чувствовать,VERB,,impf,,,indc,sing,1per,pres,tran,
создание,NOUN,,,neut,,,sing,,,,
объяснить,VERB,,perf,masc,,indc,sing,,past,tran,
нарочно,ADVB,,,,,,,,,,
совет,NOUN,inan,,masc,,,sing,,,,
учёный,ADJF,,,,,,plur,,,,
отдельный,ADJF,,,,,,plur,,,,
дать,VERB,,perf,femn,,indc,sing,,past,tran,
отметить,INFN,,perf,,,,,,,tran,
приводить,VERB,,impf,,,indc,sing,3per,pres,tran,
человек,NOUN,anim,,masc,,,sing,,,,
знакомый,ADJF,,,,,,plur,,,,
российский,ADJF,,,femn,,,sing,,,,
быть,VERB,,impf,,,indc,plur,,past,intr,
нина,NOUN,anim,,femn,,,sing,,,,
ужас,NOUN,inan,,masc,,,sing,,,,
председатель,NOUN,anim,,masc,,,sing,,,,
василий,NOUN,anim,,masc,,,sing,,,,
выход,NOUN,inan,,masc,,,sing,,,,
содержание,NOUN,inan,,neut,,,sing,,,,
добавить,VERB,,perf,masc,,indc,sing,,past,tran,
художник,NOUN,anim,,masc,,,sing,,,,
цена,NOUN,inan,,femn,,,sing,,,,
старший,NOUN,anim,,masc,,,sing,,,,
волна,NOUN,inan,,femn,,,sing,,,,
звезда,NOUN,anim,,femn,,,sing,,,,
бежать,INFN,,perf,,,,,,,intr,
иван,NOUN,anim,,masc,,,sing,,,,
цвета,NOUN,anim,,femn,,,sing,,,,
интерес,NOUN,inan,,masc,,,plur,,,,
новый,ADJF,,,masc,,,sing,,,,
35,,,,,,,,,,,
чужой,ADJF,,,masc,,,sing,,,,
существо,NOUN,inan,,neut,,,sing,,,,
печать,NOUN,inan,,femn,,,sing,,,,
входить,VERB,,impf,,,indc,sing,3per,pres,intr,
выход,NOUN,inan,,masc,,,sing,,,,
бытие,NOUN,inan,,neut,,,sing,,,,
какой-то,ADJF,,,,,,plur,,,,
отец,NOUN,anim,,masc,,,sing,,,,
над,PREP,,,,,,,,,,
следующий,ADJF,,,neut,,,sing,,,,
карта,NOUN,inan,,femn,,,sing,,,,
класс,NOUN,inan,,masc,,,sing,,,,
церковь,NOUN,inan,,femn,,,sing,,,,
идти,VERB,,impf,neut,,indc,sing,,past,intr,
смочь,VERB,,perf,masc,,indc,sing,,past,intr,
поезд,NOUN,inan,,masc,,,sing,,,,
полчаса,NOUN,inan,,neut,,,sing,,,,
направление,NOUN,inan,,neut,,,sing,,,,
сутки,NOUN,inan,,,,,plur,,,,
поговорить,INFN,,perf,,,,,,,intr,
вести,VERB,,impf,masc,,indc,sing,,past,tran,
толпа,NOUN,inan,,femn,,,sing,,,,
2004,,,,,,,,,,,
виноватый,ADJS,,,masc,,,sing,,,,
служба,NOUN,inan,,femn,,,sing,,,,
команда,NOUN,inan,,femn,,,sing,,,,
ухо,NOUN,inan,,neut,,,sing,,,,
маленький,ADJF,,,femn,,,sing,,,,
0,,,,,,,,,,,
тень,NOUN,inan,,femn,,,sing,,,,
мой,ADJF,,,femn,,,sing,,,,
форма,NOUN,inan,,femn,,,sing,,,,
живой,NOUN,anim,,masc,,,plur,,,,
родной,ADJF,,,masc,,,sing,,,,
толпа,NOUN,inan,,femn,,,sing,,,,
v,,,,,,,,,,,
охотно,ADVB,,,,,,,,,,
исследование,NOUN,inan,,neut,,,plur,,,,
настроение,NOUN,inan,,neut,,,sing,,,,
сперва,ADVB,,,,,,,,,,
писатель,NOUN,anim,,masc,,,plur,,,,
здание,NOUN,inan,,neut,,,sing,,,,
философия,NOUN,inan,,femn,,,sing,,,,
общий,ADJF,,,masc,,,sing,,,,
болезнь,NOUN,inan,,femn,,,sing,,,,
уходить,VERB,,impf,,,indc,sing,3per,pres,intr,
форма,NOUN,inan,,femn,,,plur,,,,
год,NOUN,inan,,masc,,,plur,,,,
социальный,ADJF,,,femn,,,sing,,,,
казалось,CONJ,,,,,,,,,,
возникать,VERB,,impf,,,indc,sing,3per,pres,intr,
водка,NOUN,inan,,femn,,,sing,,,,
мгновенно,ADVB,,,,,,,,,,
советский,ADJF,,,,,,plur,,,,
интерес,NOUN,inan,,masc,,,plur,,,,
два,ADJF,,,masc,,,sing,,,,
родитель,NOUN,anim,,masc,,,plur,,,,
отнюдь,ADVB,,,,,,,,,,
кто-то,NPRO,,,masc,,,sing,,,,
директор,NOUN,anim,,masc,,,plur,,,,
лежать,VERB,,impf,,,indc,plur,,past,intr,
участие,NOUN,inan,,neut,,,sing,,,,
потерять,VERB,,perf,masc,,indc,sing,,past,tran,
особо,ADVB,,,,,,,,,,
главный,ADJF,,,neut,,,sing,,,,
модель,NOUN,inan,,femn,,,sing,,,,
реакция,NOUN,inan,,femn,,,sing,,,,
происходить,VERB,,impf,neut,,indc,sing,,past,intr,
соответственно,ADVB,,,,,,,,,,
никогда,ADVB,,,,,,,,,,
русский,ADJF,,,masc,,,sing,,,,
собака,NOUN,anim,,femn,,,sing,,,,
два,ADJF,,,femn,,,sing,,,,
получение,NOUN,inan,,neut,,,sing,,,,
бой,NOUN,anim,,masc,,,sing,,,,
река,NOUN,inan,,femn,,,sing,,,,
судить,INFN,,impf,,,,,,,tran,
причём,CONJ,,,,,,,,,,
место,NOUN,inan,,neut,,,sing,,,,
армия,NOUN,inan,,femn,,,sing,,,,
ибо,CONJ,,,,,,,,,,
маленькая,NOUN,anim,,femn,,,sing,,,,
дверь,NOUN,inan,,femn,,,plur,,,,
увидеть,VERB,,perf,,,indc,plur,,past,tran,
представляться,VERB,,impf,,,indc,sing,3per,pres,intr,
внутренний,ADJF,,,femn,,,sing,,,,
выйти,VERB,,perf,,,indc,sing,3per,futr,intr,
участник,NOUN,anim,,masc,,,plur,,,,
ленин,NOUN,anim,,masc,,,sing,,,,
представитель,NOUN,anim,,masc,,,plur,,,,
михайло,NOUN,anim,,masc,,,sing,,,,
спасибо,INTJ,,,,,,,,,,
рынок,NOUN,inan,,masc,,,sing,,,,
работать,VERB,,impf,,,indc,plur,3per,pres,intr,
масса,NOUN,inan,,femn,,,sing,,,,
километр,NOUN,inan,,masc,,,plur,,,,
отдать,VERB,,perf,masc,,indc,sing,,past,tran,
долг,NOUN,inan,,masc,,,sing,,,,
ждать,VERB,,impf,,,indc,plur,,past,tran,
дерево,NOUN,inan,,neut,,,sing,,,,
утром,ADVB,,,,,,,,,,
слеза,NOUN,inan,,femn,,,plur,,,,
звук,NOUN,inan,,masc,,,sing,,,,
во-первых,CONJ,,,,,,,,,,
усмехнуться,VERB,,perf,masc,,indc,sing,,past,intr,
наверно,ADVB,,,,,,,,,,
начинать,VERB,,impf,,,indc,plur,3per,pres,tran,
свой,ADJF,,,femn,,,sing,,,,
край,NOUN,inan,,masc,,,sing,,,,
рабочий,NOUN,anim,,masc,,,plur,,,,
беда,NOUN,inan,,femn,,,sing,,,,
дерево,NOUN,inan,,neut,,,plur,,,,
министр,NOUN,anim,,masc,,,sing,,,,
подобный,ADJF,,,,,,plur,,,,
получиться,VERB,,perf,neut,,indc,sing,,past,intr,
грех,NOUN,inan,,masc,,,sing,,,,
сделать,PRTS,,perf,neut,,,sing,,past,,pssv
наташа,NOUN,anim,,femn,,,sing,,,,
граф,NOUN,inan,,masc,,,sing,,,,
врач,NOUN,anim,,masc,,,sing,,,,
из,PREP,,,,,,,,,,
мало,ADVB,,,,,,,,,,
зря,ADVB,,,,,,,,,,
s,,,,,,,,,,,
иметься,VERB,,impf,,,indc,sing,3per,pres,intr,
отказаться,VERB,,perf,masc,,indc,sing,,past,intr,
строительство,NOUN,inan,,neut,,,sing,,,,
начаться,VERB,,perf,neut,,indc,sing,,past,intr,
прочий,ADJF,,,,,,plur,,,,
город,NOUN,inan,,masc,,,plur,,,,
возраст,NOUN,inan,,masc,,,sing,,,,
учиться,INFN,,impf,,,,,,,intr,
стакан,NOUN,inan,,masc,,,sing,,,,
париж,NOUN,inan,,masc,,,sing,,,,
больший,ADJF,,,,,,plur,,,,
работа,NOUN,inan,,femn,,,sing,,,,
смех,NOUN,inan,,masc,,,sing,,,,
шаг,NOUN,inan,,masc,,,plur,,,,
такой,ADJF,,,neut,,,sing,,,,
анализ,NOUN,inan,,masc,,,sing,,,,
половина,NOUN,anim,,femn,,,sing,,,,
верный,COMP,,,,,,,,,,
300,,,,,,,,,,,
небо,NOUN,inan,,neut,,,sing,,,,
полк,NOUN,inan,,masc,,,sing,,,,
дивизия,NOUN,inan,,femn,,,sing,,,,
собственность,NOUN,inan,,femn,,,sing,,,,
подробно,ADVB,,,,,,,,,,
признать,INFN,,perf,,,,,,,tran,
секунда,NOUN,inan,,femn,,,sing,,,,
выбор,NOUN,inan,,masc,,,sing,,,,
получить,VERB,,perf,femn,,indc,sing,,past,tran,
продолжать,VERB,,impf,femn,,indc,sing,,past,tran,
успеть,VERB,,perf,,,indc,plur,,past,intr,
уйти,VERB,,perf,,,indc,plur,,past,intr,
отвечать,INFN,,impf,,,,,,,intr,
решить,VERB,,perf,femn,,indc,sing,,past,tran,
сфера,NOUN,inan,,femn,,,sing,,,,
вслух,ADVB,,,,,,,,,,
нога,NOUN,inan,,femn,,,plur,,,,
продолжать,VERB,,impf,,,indc,sing,3per,pres,tran,
вино,NOUN,inan,,neut,,,sing,,,,
волос,NOUN,inan,,masc,,,plur,,,,
деревня,NOUN,inan,,femn,,,sing,,,,
случай,NOUN,inan,,masc,,,sing,,,,
тот,ADJF,,,,,,plur,,,,
раздаться,VERB,,perf,masc,,indc,sing,,past,intr,
ой,INTJ,,,,,,,,,,
вызывать,VERB,,impf,,,indc,sing,3per,pres,tran,
пора,NOUN,inan,,femn,,,sing,,,,
адрес,NOUN,inan,,masc,,,sing,,,,
страна,NOUN,inan,,femn,,,sing,,,,
телефон,NOUN,inan,,masc,,,sing,,,,
целовать,VERB,,impf,,,indc,sing,1per,pres,tran,
обещать,VERB,,perf,masc,,indc,sing,,past,tran,
честно,ADVB,,,,,,,,,,
приняться,VERB,,perf,masc,,indc,sing,,past,intr,
курс,NOUN,inan,,masc,,,sing,,,,
один,ADJF,,,neut,,,sing,,,,
высокий,ADJF,,,,,,plur,,,,
тишина,NOUN,inan,,femn,,,sing,,,,
институт,NOUN,inan,,masc,,,sing,,,,
фильм,NOUN,inan,,masc,,,sing,,,,
500,,,,,,,,,,,
начинать,GRND,,impf,,,,,,pres,tran,
понимать,VERB,,impf,,,indc,plur,2per,pres,tran,
наш,ADJF,,,masc,,,sing,,,,
кто-то,NPRO,,,masc,,,sing,,,,
здоровье,NOUN,inan,,neut,,,sing,,,,
работник,NOUN,anim,,masc,,,plur,,,,
et,,,,,,,,,,,
прийти,INFN,,perf,,,,,,,intr,
думать,VERB,,impf,,,indc,plur,,past,intr,
незаметно,ADVB,,,,,,,,,,
кровь,NOUN,inan,,femn,,,sing,,,,
прямая,NOUN,inan,,femn,,,sing,,,,
давать,VERB,,impf,,,indc,plur,,past,tran,
завтра,ADVB,,,,,,,,,,
ситуация,NOUN,inan,,femn,,,sing,,,,
забыть,INFN,,perf,,,,,,,tran,
больной,ADJF,,,femn,,,sing,,,,
статья,NOUN,inan,,femn,,,sing,,,,
специалист,NOUN,anim,,masc,,,plur,,,,
должность,NOUN,inan,,femn,,,sing,,,,
левый,ADJF,,,femn,,,sing,,,,
половина,NOUN,anim,,femn,,,sing,,,,
твой,ADJF,,,neut,,,sing,,,,
накануне,ADVB,,,,,,,,,,
структура,NOUN,inan,,femn,,,sing,,,,
ваш,ADJF,,,femn,,,sing,,,,
точно,ADVB,,,,,,,,,,
ласково,ADVB,,,,,,,,,,
сцена,NOUN,inan,,femn,,,sing,,,,
оставаться,INFN,,impf,,,,,,,intr,
гора,NOUN,inan,,femn,,,plur,,,,
фон,NOUN,inan,,masc,,,sing,,,,
старик,NOUN,anim,,masc,,,sing,,,,
татьяна,NOUN,anim,,femn,,,sing,,,,
услуга,NOUN,inan,,femn,,,plur,,,,
обед,NOUN,inan,,masc,,,sing,,,,
такой,ADJF,,,femn,,,sing,,,,
понять,VERB,,perf,,,indc,plur,,past,tran,
желание,NOUN,inan,,neut,,,sing,,,,
подумать,VERB,,perf,femn,,indc,sing,,past,intr,
какой,ADJF,,,neut,,,sing,,,,
прибавить,VERB,,perf,masc,,indc,sing,,past,tran,
функция,NOUN,inan,,femn,,,sing,,,,
материал,NOUN,inan,,masc,,,sing,,,,
мнение,NOUN,inan,,neut,,,sing,,,,
воля,NOUN,inan,,femn,,,sing,,,,
корабль,NOUN,inan,,masc,,,sing,,,,
половина,NOUN,inan,,femn,,,sing,,,,
решиться,VERB,,perf,masc,,indc,sing,,past,intr,
удивительно,ADVB,,,,,,,,,,
хороший,ADJF,,,neut,,,sing,,,,
обеспечение,NOUN,inan,,neut,,,sing,,,,
ответственность,NOUN,inan,,femn,,,sing,,,,
двадцать,NUMR,,,,,,,,,,
высокий,ADJF,,,femn,,,sing,,,,
центр,NOUN,inan,,masc,,,sing,,,,
предел,NOUN,inan,,masc,,,plur,,,,
журнал,NOUN,inan,,masc,,,sing,,,,
истина,NOUN,inan,,femn,,,sing,,,,
русский,ADJF,,,femn,,,sing,,,,
проводить,INFN,,impf,,,,,,,tran,
работать,VERB,,impf,,,indc,plur,,past,intr,
ответственность,NOUN,inan,,femn,,,sing,,,,
полный,ADJF,,,neut,,,sing,,,,
мир,NOUN,inan,,masc,,,sing,,,,
бог,NOUN,anim,,masc,,,sing,,,,
вопрос,NOUN,inan,,masc,,,sing,,,,
наука,NOUN,inan,,femn,,,sing,,,,
тон,NOUN,inan,,masc,,,sing,,,,
железный,ADJF,,,femn,,,sing,,,,
зимой,ADVB,,,,,,,,,,
действовать,VERB,,impf,,,indc,sing,3per,pres,intr,
доктор,NOUN,anim,,masc,,,plur,,,,
грустно,ADVB,,,,,,,,,,
способность,NOUN,inan,,femn,,,sing,,,,
называть,VERB,,impf,,,indc,plur,,past,tran,
основной,ADJF,,,masc,,,sing,,,,
огромный,ADJF,inan,,,,,plur,,,,
представитель,NOUN,anim,,masc,,,plur,,,,
князь,NOUN,anim,,masc,,,sing,,,,
почти,ADVB,,,,,,,,,,
всюду,ADVB,,,,,,,,,,
наш,ADJF,,,,,,plur,,,,
скоро,ADVB,,,,,,,,,,
портрет,NOUN,inan,,masc,,,sing,,,,
оба,NUMR,,,masc,,,,,,,
подобный,ADJF,,,neut,,,sing,,,,
сестра,NOUN,anim,,femn,,,sing,,,,
повернуться,VERB,,perf,masc,,indc,sing,,past,intr,
коля,NOUN,anim,,masc,,,sing,,,,
следующий,ADJF,,,,,,plur,,,,
закон,NOUN,inan,,masc,,,plur,,,,
правило,NOUN,inan,,neut,,,plur,,,,
народный,ADJF,,,neut,,,sing,,,,
вопрос,NOUN,inan,,masc,,,sing,,,,
подготовка,NOUN,inan,,femn,,,sing,,,,
остров,NOUN,inan,,masc,,,sing,,,,
сцена,NOUN,inan,,femn,,,sing,,,,
верить,VERB,,impf,,,indc,sing,1per,pres,intr,
заниматься,VERB,,impf,masc,,indc,sing,,past,intr,
похожий,ADJS,,,masc,,,sing,,,,
страница,NOUN,inan,,femn,,,sing,,,,
сильный,ADJF,,,masc,,,sing,,,,
слеза,NOUN,inan,,femn,,,plur,,,,
раз,NOUN,inan,,masc,,,sing,,,,
помимо,PREP,,,,,,,,,,
костя,NOUN,anim,,masc,,,sing,,,,
музыка,NOUN,inan,,femn,,,sing,,,,
миллиард,NOUN,inan,,masc,,,sing,,,,
александр,NOUN,anim,,masc,,,sing,,,,
лицо,NOUN,inan,,neut,,,sing,,,,
администрация,NOUN,inan,,femn,,,sing,,,,
товарищ,NOUN,anim,,masc,,,sing,,,,
идея,NOUN,inan,,femn,,,plur,,,,
напрасно,ADVB,,,,,,,,,,
сила,NOUN,inan,,femn,,,plur,,,,
дом,NOUN,inan,,masc,,,sing,,,,
государь,NOUN,anim,,masc,,,sing,,,,
лишь,PRCL,,,,,,,,,,
быстрый,COMP,,,,,,,,,,
материал,NOUN,inan,,masc,,,plur,,,,
решить,INFN,,perf,,,,,,,tran,
влияние,NOUN,inan,,neut,,,sing,,,,
стекло,NOUN,inan,,neut,,,sing,,,,
сравнительно,ADVB,,,,,,,,,,
начинать,VERB,,impf,masc,,indc,sing,,past,tran,
огонь,NOUN,inan,,masc,,,sing,,,,
вещество,NOUN,inan,,neut,,,plur,,,,
карман,NOUN,inan,,masc,,,sing,,,,
правый,ADJF,,,femn,,,sing,,,,
высокий,ADJF,,,neut,,,sing,,,,
слышать,INFN,,impf,,,,,,,tran,
процесс,NOUN,inan,,masc,,,plur,,,,
длинный,ADJF,,,,,,plur,,,,
природа,NOUN,inan,,femn,,,sing,,,,
дерево,NOUN,inan,,neut,,,plur,,,,
мы,NPRO,,,,,,plur,1per,,,
рассказывать,VERB,,impf,,,indc,sing,3per,pres,tran,
собственный,ADJF,,,,,,plur,,,,
попасть,INFN,,perf,,,,,,,intr,
служилый,ADJS,,,masc,,,sing,,,,
бывший,ADJF,,,masc,,,sing,,,,
дыхание,NOUN,inan,,neut,,,sing,,,,
член,NOUN,anim,,masc,,,sing,,,,
группа,NOUN,inan,,femn,,,plur,,,,
закон,NOUN,inan,,masc,,,sing,,,,
включая,PREP,,,,,,,,,,
миг,NOUN,inan,,masc,,,sing,,,,
обстоятельство,NOUN,inan,,neut,,,sing,,,,
учитель,NOUN,anim,,masc,,,plur,,,,
отсюда,ADVB,,,,,,,,,,
убить,INFN,,perf,,,,,,,tran,
причина,NOUN,inan,,femn,,,plur,,,,
ох,INTJ,,,,,,,,,,
губерния,NOUN,inan,,femn,,,sing,,,,
старуха,NOUN,anim,,femn,,,sing,,,,
судьба,NOUN,inan,,femn,,,sing,,,,
влияние,NOUN,inan,,neut,,,sing,,,,
партия,NOUN,inan,,femn,,,sing,,,,
сумма,NOUN,inan,,femn,,,sing,,,,
страсть,NOUN,inan,,femn,,,sing,,,,
произведение,NOUN,inan,,neut,,,sing,,,,
поэзия,NOUN,inan,,femn,,,sing,,,,
схватить,VERB,,perf,masc,,indc,sing,,past,tran,
цветок,NOUN,inan,,masc,,,plur,,,,
скучно,ADVB,,,,,,,,,,
птица,NOUN,anim,,femn,,,plur,,,,
собрание,NOUN,inan,,neut,,,sing,,,,
герой,NOUN,anim,,masc,,,sing,,,,
ребёнок,NOUN,anim,,masc,,,plur,,,,
подходить,VERB,,impf,,,indc,sing,3per,pres,intr,
сеть,NOUN,inan,,femn,,,sing,,,,
весь,ADJF,,,neut,,,sing,,,,
хоть,CONJ,,,,,,,,,,
пространство,NOUN,inan,,neut,,,sing,,,,
способность,NOUN,inan,,femn,,,sing,,,,
получать,VERB,,impf,,,indc,sing,3per,pres,tran,
девять,NUMR,,,,,,,,,,
личность,NOUN,inan,,femn,,,sing,,,,
становиться,VERB,,impf,,,indc,plur,3per,pres,intr,
сердце,NOUN,inan,,neut,,,sing,,,,
немец,NOUN,anim,,masc,,,plur,,,,
враг,NOUN,anim,,masc,,,sing,,,,
владимир,NOUN,anim,,masc,,,sing,,,,
письмо,NOUN,inan,,neut,,,sing,,,,
свой,ADJF,,,femn,,,sing,,,,
говорить,VERB,,impf,,,indc,sing,2per,pres,tran,
вася,NOUN,anim,,masc,,,sing,,,,
применение,NOUN,inan,,neut,,,sing,,,,
дверь,NOUN,inan,,femn,,,sing,,,,
крик,NOUN,inan,,masc,,,sing,,,,
где-нибудь,ADVB,,,,,,,,,,
герой,NOUN,anim,,masc,,,sing,,,,
полный,ADJF,,,femn,,,sing,,,,
собака,NOUN,anim,,femn,,,plur,,,,
документ,NOUN,inan,,masc,,,plur,,,,
творчество,NOUN,inan,,neut,,,sing,,,,
имя,NOUN,inan,,neut,,,plur,,,,
платить,INFN,,impf,,,,,,,tran,
неизвестный,ADJF,,,masc,,,sing,,,,
смерть,NOUN,inan,,femn,,,sing,,,,
задача,NOUN,inan,,femn,,,sing,,,,
петербург,NOUN,inan,,masc,,,sing,,,,
масса,NOUN,inan,,femn,,,sing,,,,
общий,ADJF,,,,,,plur,,,,
причина,NOUN,inan,,femn,,,sing,,,,
кухня,NOUN,inan,,femn,,,sing,,,,
остальной,ADJF,,,,,,plur,,,,
большой,ADJF,,,masc,,,sing,,,,
заключение,NOUN,inan,,neut,,,sing,,,,
возраст,NOUN,inan,,masc,,,sing,,,,
воля,NOUN,inan,,femn,,,sing,,,,
связать,PRTS,,perf,neut,,,sing,,past,,pssv
иметь,VERB,,impf,,,indc,plur,1per,pres,tran,
торопливо,ADVB,,,,,,,,,,
купить,VERB,,perf,masc,,indc,sing,,past,tran,
доктор,NOUN,anim,,masc,,,sing,,,,
одинаково,ADVB,,,,,,,,,,
америка,NOUN,inan,,femn,,,sing,,,,
поздний,ADJF,,,neut,,,sing,,,,
ударить,VERB,,perf,masc,,indc,sing,,past,tran,
корабль,NOUN,inan,,masc,,,sing,,,,
российский,ADJF,,,neut,,,sing,,,,
важный,ADJF,,,neut,,,sing,,,,
засмеяться,VERB,,perf,masc,,indc,sing,,past,intr,
бутылка,NOUN,inan,,femn,,,sing,,,,
достать,VERB,,perf,masc,,indc,sing,,past,tran,
сторона,NOUN,inan,,femn,,,plur,,,,
просить,VERB,,impf,,,indc,sing,3per,pres,tran,
про,PREP,,,,,,,,,,
дерево,NOUN,inan,,neut,,,sing,,,,
общественный,ADJF,,,neut,,,sing,,,,
пить,VERB,,impf,masc,,indc,sing,,past,tran,
обеспечить,INFN,,perf,,,,,,,tran,
название,NOUN,inan,,neut,,,sing,,,,
среда,NOUN,inan,,femn,,,sing,,,,
скорость,NOUN,inan,,femn,,,sing,,,,
некоторые,NPRO,,,,,,plur,,,,
управление,NOUN,inan,,neut,,,sing,,,,
цель,NOUN,inan,,femn,,,plur,,,,
c,,,,,,,,,,,
профессор,NOUN,anim,,masc,,,plur,,,,
счастие,NOUN,inan,,neut,,,sing,,,,
играть,VERB,,impf,,,indc,plur,,past,tran,
университет,NOUN,inan,,masc,,,sing,,,,
письмо,NOUN,inan,,neut,,,plur,,,,
свет,NOUN,inan,,masc,,,sing,,,,
комитет,NOUN,inan,,masc,,,sing,,,,
высокий,ADJF,,,,,,plur,,,,
тело,NOUN,inan,,neut,,,sing,,,,
десятка,NOUN,inan,,femn,,,sing,,,,
основной,ADJF,,,,,,plur,,,,
смочь,VERB,,perf,,,indc,sing,3per,futr,intr,
дать,PRTF,,perf,femn,,,sing,,past,tran,pssv
текст,NOUN,inan,,masc,,,sing,,,,
один,ADJF,,,,,,plur,,,,
кое-что,NPRO,,,neut,,,sing,,,,
последний,ADJF,,,femn,,,sing,,,,
старый,ADJF,,,femn,,,sing,,,,
муж,NOUN,anim,,masc,,,sing,,,,
успешно,ADVB,,,,,,,,,,
орган,NOUN,inan,,masc,,,plur,,,,
хороший,ADJF,,,,,,plur,,,,
оставаться,VERB,,impf,masc,,indc,sing,,past,intr,
как-то,ADVB,,,,,,,,,,
звать,VERB,,impf,,,indc,plur,,past,tran,
глядеть,VERB,,impf,masc,,indc,sing,,past,tran,
недостаточно,ADVB,,,,,,,,,,
возразить,VERB,,perf,masc,,indc,sing,,past,intr,
спектакль,NOUN,inan,,masc,,,sing,,,,
способный,ADJS,,,masc,,,sing,,,,
реализация,NOUN,inan,,femn,,,sing,,,,
средство,NOUN,inan,,neut,,,plur,,,,
литр,NOUN,inan,,masc,,,sing,,,,
крупный,ADJF,,,,,,plur,,,,
армия,NOUN,inan,,femn,,,sing,,,,
шаг,NOUN,inan,,masc,,,plur,,,,
государь,NOUN,anim,,masc,,,sing,,,,
количество,NOUN,inan,,neut,,,sing,,,,
подать,VERB,,perf,masc,,indc,sing,,past,tran,
живой,ADJS,,,masc,,,sing,,,,
осень,NOUN,inan,,femn,,,sing,,,,
коли,CONJ,,,,,,,,,,
шёпотом,ADVB,,,,,,,,,,
местный,ADJF,,,,,,plur,,,,
бояться,VERB,,impf,,,indc,sing,3per,pres,intr,
иной,ADJF,,,neut,,,sing,,,,
определение,NOUN,inan,,neut,,,sing,,,,
исключение,NOUN,inan,,neut,,,sing,,,,
качество,NOUN,inan,,neut,,,sing,,,,
якобы,CONJ,,,,,,,,,,
академия,NOUN,inan,,femn,,,sing,,,,
день,NOUN,inan,,masc,,,plur,,,,
красный,ADJF,,,,,,plur,,,,
доля,NOUN,inan,,femn,,,sing,,,,
усилие,NOUN,inan,,neut,,,sing,,,,
шесть,NUMR,,,,,,,,,,
очередной,ADJF,,,masc,,,sing,,,,
добро,NOUN,inan,,neut,,,sing,,,,
требоваться,VERB,,impf,,,indc,sing,3per,pres,intr,
открыть,INFN,,perf,,,,,,,tran,
офицер,NOUN,anim,,masc,,,plur,,,,
она,NPRO,,,femn,,,sing,3per,,,
здание,NOUN,inan,,neut,,,sing,,,,
писатель,NOUN,anim,,masc,,,sing,,,,
бровь,NOUN,inan,,femn,,,sing,,,,
анализ,NOUN,inan,,masc,,,sing,,,,
семён,NOUN,anim,,masc,,,sing,,,,
день,NOUN,inan,,masc,,,sing,,,,
целое,NOUN,inan,,neut,,,plur,,,,
дурак,NOUN,anim,,masc,,,sing,,,,
сохранить,INFN,,perf,,,,,,,tran,
два,ADJF,,,neut,,,sing,,,,
принимать,VERB,,impf,,,indc,sing,3per,pres,tran,
сидеть,GRND,,impf,,,,,,pres,intr,
советский,ADJF,,,neut,,,sing,,,,
очевидно,CONJ,,,,,,,,,,
план,NOUN,inan,,masc,,,sing,,,,
контроль,NOUN,inan,,masc,,,sing,,,,
